pin_id,pin_image
100838479146954696,https://i.pinimg.com/236x/8b/37/79/8b3779bdba469f4fca53934a0abe1705.jpg
101753272818812420,https://i.pinimg.com/236x/58/9d/ae/589dae532aaf8298dcd596d9c0ef367f.jpg
102668066497260450,https://i.pinimg.com/236x/01/98/ee/0198eec0f577a5851587e70a42f220b1.jpg
10273905388708459,https://i.pinimg.com/236x/78/a8/51/78a8517cd963323e1921da944ccd46df.jpg
10273905390163023,https://i.pinimg.com/75x75_RS/f8/5a/ae/f85aae9690e4e206be42f8d7feec8b05.jpg
10273905390582398,https://i.pinimg.com/236x/d7/7e/ae/d77eae96603bd627bc5b81c2647224a4.jpg
103090278957416354,https://i.pinimg.com/236x/84/a3/ea/84a3ea5a2e4952ce6dc07453c87e0904.jpg
103160647702808420,https://i.pinimg.com/236x/5b/e7/3c/5be73cffab0c53954983ac69e69a17e2.jpg
10485011624518150,https://i.pinimg.com/236x/5b/cc/bc/5bccbc12c072b61501f7c3c015f01b6d.jpg
1055599898396042,https://i.pinimg.com/236x/f3/dd/60/f3dd60e9d6d4e5d3641eed34ae7f50ab.jpg
1055599899681096,https://i.pinimg.com/236x/5b/21/af/5b21af7f761c333671f1ab7c04f12ab3.jpg
1055599900716577,https://i.pinimg.com/236x/54/48/e8/5448e8297f431b9eb7067419d14397bd.jpg
1055599900917489,https://i.pinimg.com/236x/23/84/c4/2384c4df643217b186cc0f9854899222.jpg
1055599901178604,https://i.pinimg.com/236x/89/21/fd/8921fd7d39cadf647fe6ac60c2375e3f.jpg
1055599902292354,https://i.pinimg.com/75x75_RS/9c/38/93/9c3893232ee3eda179494a13314fbd8f.jpg
1055599902560767,https://i.pinimg.com/236x/fc/b3/5d/fcb35de9e4779fcf8f9c00a6fa7ac093.jpg
1055599902791856,https://i.pinimg.com/75x75_RS/89/e4/f2/89e4f20897192ea8209027af0a6221a2.jpg
1055599902852554,https://i.pinimg.com/236x/47/93/b2/4793b22e854a17458e50bac62cb513e2.jpg
1055599902872773,https://i.pinimg.com/236x/71/89/24/7189247c911507623769174ba6acde0a.jpg
1055599902937185,https://i.pinimg.com/236x/74/c7/56/74c756f14244bf88294e91767169b714.jpg
1055599903039490,https://i.pinimg.com/75x75_RS/c0/85/4e/c0854e54671a5de449c311b6d07c95ac.jpg
1055599903085180,https://i.pinimg.com/75x75_RS/62/cb/64/62cb64a4c12eb68516706a5cc0e54ecd.jpg
1055599903127393,https://i.pinimg.com/75x75_RS/6d/49/d2/6d49d2b4f9d63a17054f61687cf429e3.jpg
105764291234982267,https://i.pinimg.com/236x/9a/22/a7/9a22a7f586956c52f19890d4f5e43867.jpg
106819822400555144,https://i.pinimg.com/236x/3d/44/25/3d442581b789788384d743ec3d0add63.jpg
110760472073873275,https://i.pinimg.com/236x/51/39/88/513988a1ebbe3c06526ec11697d96fd4.jpg
111464159514679396,https://i.pinimg.com/236x/e6/53/30/e653302c0a8e84dc9a6f06eeaf11cf53.jpg
11188699064236856,https://i.pinimg.com/236x/e2/99/ad/e299ad25dd9ffdf51b610f0f8411de23.jpg
11188699064276409,https://i.pinimg.com/236x/d3/08/f1/d308f1bf053e4037e289ee5ac78a2c11.jpg
11188699064385413,https://i.pinimg.com/236x/6c/e5/6d/6ce56ddcfc11cce61c4b3a6434ff59a7.jpg
1125968645630390,https://i.pinimg.com/236x/89/30/88/893088e0068384613e7d89f2314659ce.jpg
1125968646961904,https://i.pinimg.com/236x/9a/e2/b2/9ae2b2a5a50f88a73d533c2ecd408431.jpg
1125968648031313,https://i.pinimg.com/75x75_RS/0b/a1/d8/0ba1d84d76fe34411fad273b7d544a98.jpg
1125968648152994,https://i.pinimg.com/75x75_RS/13/14/00/131400f50c794577584c519a3adabdcb.jpg
1125968648208768,https://i.pinimg.com/75x75_RS/fc/29/a9/fc29a9d5281b1f1b7646cb6010dddf30.jpg
1125968648249290,https://i.pinimg.com/75x75_RS/10/01/fc/1001fc8a1991e5163c8800b14793a2bc.jpg
1125968648260040,https://i.pinimg.com/236x/ff/d9/a3/ffd9a3b41a17f28bc38fcd666ce8051b.jpg
1131388737608064419,https://i.pinimg.com/236x/3b/73/68/3b7368938c51a65b700b10a22a6501b7.jpg
116178865378970021,https://i.pinimg.com/236x/e1/ea/05/e1ea05aa8e0fae09e38229e996f2a625.jpg
116671446584784014,https://i.pinimg.com/236x/fb/7c/d5/fb7cd5642d634f34080e80a8d08ac6ab.jpg
11681280272298117,https://i.pinimg.com/236x/cc/27/d6/cc27d6bbc0e6c801e5c231924ea9b993.jpg
11681280274319192,https://i.pinimg.com/236x/d3/15/68/d3156834962ca5a0e1a1f1924c070553.jpg
118782508909623897,https://i.pinimg.com/236x/36/78/07/367807364463fac110f69d0c723c7caa.jpg
11892386501691406,https://i.pinimg.com/236x/68/4f/6b/684f6bae42390eda4fc89a400675eede.jpg
11962755252002376,https://i.pinimg.com/236x/64/94/72/6494720ce746864982d2768f3e33867d.jpg
1196337390851388,https://i.pinimg.com/236x/df/ae/ac/dfaeac66cb6c4101713b4e849a7bd703.jpg
1196337391872230,https://i.pinimg.com/75x75_RS/72/41/86/72418682a6e3e16216f62438c9ad4acf.jpg
1196337391965212,https://i.pinimg.com/236x/9a/0d/5e/9a0d5e8171b785dbbb60cba621253350.jpg
1196337392704777,https://i.pinimg.com/236x/2e/e1/f3/2ee1f38022af6e5158e850091ff8a122.jpg
1196337392789573,https://i.pinimg.com/236x/30/ec/42/30ec42fddbc91ce9b9b103ca1e990c56.jpg
1196337392791257,https://i.pinimg.com/236x/e2/e1/b4/e2e1b4e9afb0c4d275e3f12cf978110c.jpg
1196337393079413,https://i.pinimg.com/75x75_RS/6d/49/d2/6d49d2b4f9d63a17054f61687cf429e3.jpg
1196337393319030,https://i.pinimg.com/236x/e6/d9/74/e6d974cdd888a017a72d00ffbe3035a7.jpg
1196337393579819,https://i.pinimg.com/236x/a2/3e/67/a23e67980940e2b5bec458c9fc1cf46b.jpg
1196337393598139,https://i.pinimg.com/75x75_RS/62/c1/29/62c1298ad0c6b71097763384a0a18660.jpg
1196337393632938,https://i.pinimg.com/75x75_RS/8e/b2/64/8eb264336ddaefa9eabfdf389b64283f.jpg
120752833749020069,https://i.pinimg.com/236x/3f/f1/93/3ff1935c813aae0fbf5fe01ec58ef622.jpg
121949102401366882,https://i.pinimg.com/236x/00/01/d7/0001d7c869ee6b8562d7b7f72346ffd8.jpg
122089839885797141,https://i.pinimg.com/236x/cf/aa/d7/cfaad786aab14450a66de2209d8cb804.jpg
122300946119256014,https://i.pinimg.com/236x/93/b8/24/93b824f1182a25a0641ad9da34610f4a.jpg
12244230224704126,https://i.pinimg.com/236x/89/74/73/8974736f64fd10128e8b01ebf780b74a.jpg
123215739797818537,https://i.pinimg.com/236x/91/5c/ab/915cab78652528e1eec785859a9c1233.jpg
124200902210656560,https://i.pinimg.com/236x/d0/d4/9c/d0d49c7d773644d173b2abe6c1040553.jpg
126030489561436870,https://i.pinimg.com/236x/f2/ea/d4/f2ead4a870df77947b470588efbd9d7d.jpg
1266706134414659,https://i.pinimg.com/236x/af/b6/a7/afb6a7e50ab2da4d46aac27bf97d3c11.jpg
1266706134894464,https://i.pinimg.com/236x/39/cc/26/39cc260d82355374d8605922020b4522.jpg
1266706135031902,https://i.pinimg.com/236x/25/91/21/259121ec63996b543da691e1ba2b9a43.jpg
1266706135492618,https://i.pinimg.com/75x75_RS/10/01/fc/1001fc8a1991e5163c8800b14793a2bc.jpg
1266706135574213,https://i.pinimg.com/75x75_RS/31/2b/10/312b1053d6ea52daecdcbc060c59f337.jpg
1266706135775075,https://i.pinimg.com/236x/a8/61/f7/a861f7313d1153c241e8b904d3b960a3.jpg
12736811436262124,https://i.pinimg.com/236x/87/6e/07/876e074708da0b53b8844914d6347e5c.jpg
127508233187016208,https://i.pinimg.com/75x75_RS/e1/1e/c6/e11ec69d448175f402abd7157bf61e1e.jpg
1337074881961973,https://i.pinimg.com/75x75_RS/26/3f/e1/263fe19648e87290f2d8bec3adeb3e45.jpg
1337074882348818,https://i.pinimg.com/75x75_RS/f3/c4/70/f3c470be7dd34b328397406c53f3f766.jpg
1337074882402854,https://i.pinimg.com/236x/3e/c2/27/3ec227d66fd49c0af842b852c6080aa3.jpg
1337074882446022,https://i.pinimg.com/236x/32/19/10/321910fd7030f4402a2ef405f61be4f5.jpg
1337074882925394,https://i.pinimg.com/75x75_RS/1f/4d/ae/1f4dae2345c57d423b225c6e7e1d2245.jpg
1337074883114475,https://i.pinimg.com/75x75_RS/29/40/d3/2940d34e2bafee5500d9b5a68e8a6d98.jpg
137570963608007676,https://i.pinimg.com/236x/95/5d/7d/955d7d769df7e428e299e8b2036713b0.jpg
137641332351567719,https://i.pinimg.com/236x/04/19/af/0419af0d5f539b4fcccefcc46aff7534.jpg
137852438582472006,https://i.pinimg.com/236x/53/66/0c/53660cac6734a02593f2ca93761baa91.jpg
13792342596434073,https://i.pinimg.com/236x/5e/6b/d9/5e6bd932513a05db03ebece0f5ee84c8.jpg
138556126026791129,https://i.pinimg.com/236x/1e/ca/db/1ecadbc81b0db1ddb9e41a28e70c6618.jpg
13862711344631934,https://i.pinimg.com/236x/0a/40/9f/0a409fa4e380b13a41fe449af7af471c.jpg
1407443622923731,https://i.pinimg.com/236x/e2/4e/82/e24e820b3b2b70b0be5e9dfe913bf91b.jpg
1407443623402420,https://i.pinimg.com/75x75_RS/06/cb/37/06cb37d867c1598c25cb3ef10c499426.jpg
1407443623448524,https://i.pinimg.com/75x75_RS/10/2f/8b/102f8bd8c5c88dfc7f0f8349dc9b88eb.jpg
1407443624744639,https://i.pinimg.com/236x/08/d5/20/08d52003053d82c45244a093e94ca66a.jpg
140806227205253,https://i.pinimg.com/236x/8d/5f/58/8d5f588f0b9f0bb31fdd85d2b351e767.jpg
140806227501857,https://i.pinimg.com/75x75_RS/4b/ab/15/4bab1557f0e41ebaf5f5efd249dcf5b9.jpg
140806227617192,https://i.pinimg.com/236x/50/67/fc/5067fc9dceb0820d61c70981725e520c.jpg
140806227711555,https://i.pinimg.com/236x/da/08/d3/da08d30a6bf18c98032ac6a031c9b7cb.jpg
140806227800528,https://i.pinimg.com/236x/0c/57/71/0c5771b0d37ddbf59adc1a992742cb48.jpg
140806228026436,https://i.pinimg.com/236x/2b/9c/da/2b9cda85265b9d95cdb62810cd660680.jpg
140806228063766,https://i.pinimg.com/236x/f2/1c/f2/f21cf22e59834ec4b023c0940297c455.jpg
140806228175165,https://i.pinimg.com/75x75_RS/15/eb/5b/15eb5b4f034e2b25f0d907c41da9b1a6.jpg
140806228214936,https://i.pinimg.com/236x/eb/b6/d6/ebb6d60fad77f0bd9b2c84af9d3e6c35.jpg
140806228355089,https://i.pinimg.com/236x/93/12/63/9312639c1be2a1206c92c2ab54ef3105.jpg
140806228544953,https://i.pinimg.com/236x/79/19/d9/7919d9b642c3b994a9c76e9fe66b1a6d.jpg
140806228548728,https://i.pinimg.com/236x/23/07/bf/2307bf88ee96504b99734b5247075746.jpg
140806228789612,https://i.pinimg.com/75x75_RS/8e/12/d4/8e12d4aaaa9e206bd540934bb8f7f821.jpg
140806228900716,https://i.pinimg.com/75x75_RS/4b/ab/15/4bab1557f0e41ebaf5f5efd249dcf5b9.jpg
140806228997057,https://i.pinimg.com/236x/cc/cb/23/cccb23cce363e9d7ba179ce59c728c6a.jpg
140806229126363,https://i.pinimg.com/236x/97/70/5a/97705ad610ea757a5f29d423d38fbc71.jpg
140806229130669,https://i.pinimg.com/236x/7c/86/58/7c8658db76e47e8aea510f5f7f6ae665.jpg
140806229216090,https://i.pinimg.com/75x75_RS/f3/5b/ab/f35bab54d2d70161618e67e2fd890fe6.jpg
140806229261256,https://i.pinimg.com/75x75_RS/53/33/b7/5333b7fb542edac4311dddb8ccb403fd.jpg
140806229376056,https://i.pinimg.com/75x75_RS/f3/5b/ab/f35bab54d2d70161618e67e2fd890fe6.jpg
140806229415743,https://i.pinimg.com/75x75_RS/c0/85/4e/c0854e54671a5de449c311b6d07c95ac.jpg
140806229537115,https://i.pinimg.com/75x75_RS/74/0c/0f/740c0f4d51e9202c0dd4a96736d49926.jpg
140806229572925,https://i.pinimg.com/75x75_RS/f3/5b/ab/f35bab54d2d70161618e67e2fd890fe6.jpg
140806229652867,https://i.pinimg.com/75x75_RS/4b/ab/15/4bab1557f0e41ebaf5f5efd249dcf5b9.jpg
140806229685207,https://i.pinimg.com/75x75_RS/9c/38/93/9c3893232ee3eda179494a13314fbd8f.jpg
140806229697608,https://i.pinimg.com/236x/7a/c8/1e/7ac81ef405e7fd20e8c6d12d3f6a4075.jpg
140806229699756,https://i.pinimg.com/75x75_RS/14/62/f1/1462f170859c77a606569766e30d314d.jpg
140806229730967,https://i.pinimg.com/75x75_RS/db/2d/17/db2d17bba2fe38daf9c98c7151389e31.jpg
140806229761786,https://i.pinimg.com/75x75_RS/f3/5b/ab/f35bab54d2d70161618e67e2fd890fe6.jpg
140806229774286,https://i.pinimg.com/236x/f7/dd/eb/f7ddeb9bd1ccef7a1cf6223ee5371c37.jpg
140806229798352,https://i.pinimg.com/75x75_RS/f3/5b/ab/f35bab54d2d70161618e67e2fd890fe6.jpg
141793088253853730,https://i.pinimg.com/236x/50/bb/9c/50bb9c0079762edea10b72cf2508cc4d.jpg
143481938117888581,https://i.pinimg.com/236x/e7/86/ad/e786ad6c260e428b95aefbdb674adb2b.jpg
14425661293540540,https://i.pinimg.com/236x/6b/f7/24/6bf7245b7f1c7496732a41e972e40b44.jpg
144889313001818661,https://i.pinimg.com/236x/ab/41/29/ab41298862f2614a7c37186d9e81cd41.jpg
14566398787265652,https://i.pinimg.com/75x75_RS/6d/49/d2/6d49d2b4f9d63a17054f61687cf429e3.jpg
1477812366148858,https://i.pinimg.com/236x/73/f2/45/73f245d48938082ed2b074fee0b7ba80.jpg
1477812367521941,https://i.pinimg.com/75x75_RS/29/57/e3/2957e35376af7939d32001bb0184f27c.jpg
1477812367667706,https://i.pinimg.com/236x/2f/04/88/2f04886ce3c0c354d724b2cbe0ad863c.jpg
1477812367705798,https://i.pinimg.com/236x/08/46/7e/08467e1fd9c85609cc2fd6d2f650e4d4.jpg
1477812369358312,https://i.pinimg.com/75x75_RS/05/68/75/056875c616cf3a5ae6843774edbd92a2.jpg
1477812369391313,https://i.pinimg.com/75x75_RS/4b/73/a9/4b73a9b495898b84616ebfa837283aac.jpg
1477812369410569,https://i.pinimg.com/75x75_RS/6d/49/d2/6d49d2b4f9d63a17054f61687cf429e3.jpg
14988611247734528,https://i.pinimg.com/236x/c2/8b/8c/c28b8c7baa97b227133e871d90d1f7ae.jpg
15129348738407378,https://i.pinimg.com/236x/42/3c/ef/423ceff6c811285ada4049331bd71e89.jpg
151363237465549909,https://i.pinimg.com/75x75_RS/87/f8/d4/87f8d4f860d28700b2c9b10f6b5728be.jpg
151363237465629378,https://i.pinimg.com/75x75_RS/87/f8/d4/87f8d4f860d28700b2c9b10f6b5728be.jpg
151363237465724913,https://i.pinimg.com/75x75_RS/87/f8/d4/87f8d4f860d28700b2c9b10f6b5728be.jpg
15199717479779299,https://i.pinimg.com/236x/22/1b/98/221b98223c5274c19feaa5c6b84fadb7.jpg
152066924907963094,https://i.pinimg.com/236x/57/0d/54/570d54d89710e1da0e148f44e6d6bbbe.jpg
152348399884534127,https://i.pinimg.com/236x/f9/64/57/f96457c2c746ec13830c53728701df5d.jpg
154177987235011669,https://i.pinimg.com/236x/6b/67/7b/6b677ba562736c24c21bc704c0fd4a82.jpg
1548181121695834,https://i.pinimg.com/236x/66/40/9c/66409ce68203b01f16e13c2110f6579a.jpg
1548181122129186,https://i.pinimg.com/236x/ed/8f/05/ed8f05a4ac7be893b96229ce4bef2734.jpg
1548181131959511,https://i.pinimg.com/236x/f4/32/61/f43261a352000dea606d37b621577609.jpg
1548181132077070,https://i.pinimg.com/236x/f8/27/70/f82770bd1df3a959dbc6422e3db79136.jpg
1548181136949590,https://i.pinimg.com/75x75_RS/5a/fc/7d/5afc7dd5308fcec9ba6f4b1c4706f957.jpg
1548181141319218,https://i.pinimg.com/236x/3e/30/f5/3e30f57ada37581375f00f00bdc2bbb8.jpg
1548181143287632,https://i.pinimg.com/75x75_RS/24/0a/53/240a53d2a1f58350763eb6d9396690df.jpg
1548181144180688,https://i.pinimg.com/75x75_RS/1f/4d/ae/1f4dae2345c57d423b225c6e7e1d2245.jpg
1548181145873321,https://i.pinimg.com/236x/b5/83/dd/b583dd1c8a21b99055df4e889851d424.jpg
1548181145944125,https://i.pinimg.com/236x/34/83/05/348305ca347f871423e5787b68435b7a.jpg
155655730859187978,https://i.pinimg.com/236x/5a/98/35/5a9835137deff27d2022fdb393fad7f0.jpg
15621929947793619,https://i.pinimg.com/236x/97/5b/2f/975b2f17625f6ae9607dbc9a18952b68.jpg
157555686953911592,https://i.pinimg.com/236x/e9/84/e6/e984e62d78801da5d191d7503d9c46ba.jpg
159877855509809096,https://i.pinimg.com/236x/11/07/53/110753c251d41651f02a1a56e1bb3f1c.jpg
160018592998016082,https://i.pinimg.com/236x/73/35/34/73353454e5844ea81ce617517931f1c4.jpg
1618549856396490,https://i.pinimg.com/75x75_RS/af/5b/24/af5b24bd315612845d351adad193b0d5.jpg
1618549856987568,https://i.pinimg.com/75x75_RS/fc/77/b4/fc77b40bb9d50c79306a9812d0199c7f.jpg
1618549857041674,https://i.pinimg.com/236x/e9/cf/18/e9cf188490da1490f1a9cc7d9f02fc0a.jpg
1618549857521278,https://i.pinimg.com/75x75_RS/6d/49/d2/6d49d2b4f9d63a17054f61687cf429e3.jpg
1618549857699071,https://i.pinimg.com/75x75_RS/2c/0d/c4/2c0dc44eed5a14f70cccc26115d7f0a2.jpg
1618549857805794,https://i.pinimg.com/75x75_RS/20/d3/54/20d354bc60348c0e549744f2cf1731df.jpg
16395986133896122,https://i.pinimg.com/236x/3e/63/72/3e63724f076f857d8137079c1326ae69.jpg
164099980157148531,https://i.pinimg.com/236x/17/3f/87/173f877d3ca9d981130f0ae7058b9f4a.jpg
165999936238730834,https://i.pinimg.com/236x/de/0c/39/de0c39b38ec07cfe515334e303c4daf6.jpg
165999936238985508,https://i.pinimg.com/236x/fe/2e/8d/fe2e8d3983e8e241dcd5ff0a840f4e5c.jpg
165999936238985578,https://i.pinimg.com/236x/86/86/b5/8686b5d823333e64128a35811f4fbda1.jpg
165999936238985646,https://i.pinimg.com/236x/b4/db/fe/b4dbfe9afcbd8c205c71fef1895201f4.jpg
165999936238985659,https://i.pinimg.com/236x/c1/7e/b8/c17eb86fb518ccdb8bb7b53ae001fffa.jpg
165999936239334951,https://i.pinimg.com/236x/cc/5c/7b/cc5c7bbed62e4623d93f228a56a69d81.jpg
165999936239335781,https://i.pinimg.com/236x/7f/c4/ce/7fc4cebc6d02315b993c0098f940c56b.jpg
165999936239596965,https://i.pinimg.com/236x/8b/9f/c4/8b9fc4b88587e2072cabe8386ff8267c.jpg
165999936239696847,https://i.pinimg.com/236x/55/19/bf/5519bfd5a0f08b08a6672571c8d25eb2.jpg
165999936240219495,https://i.pinimg.com/236x/7f/63/4c/7f634cb3fe533c7e53d49ff11eae1c11.jpg
165999936240514622,https://i.pinimg.com/236x/13/e0/b3/13e0b3fe72b76e3b5be6a52c2b3f42e5.jpg
165999936240570059,https://i.pinimg.com/236x/11/5a/7b/115a7b24a513ffd5fa669ccb85b0d733.jpg
165999936240590449,https://i.pinimg.com/236x/13/77/07/137707c4596973173d89c6b19390e5fc.jpg
165999936240627318,https://i.pinimg.com/236x/6e/27/5d/6e275d2c847832b6e7fd8295282e009b.jpg
165999936240629740,https://i.pinimg.com/236x/0a/91/5e/0a915e9e5d31ff5bfb526febc6005a08.jpg
165999936240682372,https://i.pinimg.com/236x/59/59/78/5959781a4d3fa8d4d5a75e2c394e33aa.jpg
165999936240849470,https://i.pinimg.com/236x/22/b5/2e/22b52e3ea6f9fbf010829249f259aa56.jpg
165999936240852989,https://i.pinimg.com/236x/50/24/a5/5024a5fcf9a5e712fd5e0e08e19e38bd.jpg
165999936240853065,https://i.pinimg.com/236x/09/c1/22/09c122d67a14c0e6defa2d7c7dcbfa27.jpg
165999936240864029,https://i.pinimg.com/236x/af/63/b2/af63b2cd4ada5ac87ae04c23c637fc4d.jpg
165999936240876176,https://i.pinimg.com/236x/ee/d0/7f/eed07f152ec5c6926d068bf3a4113e93.jpg
165999936240879721,https://i.pinimg.com/236x/80/54/fc/8054fc8575eebf6e0c3edf258b8761ac.jpg
165999936240908821,https://i.pinimg.com/236x/4a/b1/46/4ab14675b804d31d1768a41c50e7f98a.jpg
165999936240915037,https://i.pinimg.com/236x/d7/51/36/d75136108086209bf3bb83e281fd6d1b.jpg
165999936240920884,https://i.pinimg.com/236x/fa/d5/05/fad5055fc3fd472b573a8ef4117059b1.jpg
165999936240974191,https://i.pinimg.com/236x/2d/51/d2/2d51d24efdf87b532315ebf9d65dd503.jpg
165999936241325085,https://i.pinimg.com/236x/1c/7f/13/1c7f13d20673413c05033764f81b8ad5.jpg
165999936241379126,https://i.pinimg.com/236x/1f/5c/e6/1f5ce66fd103cab7c68b32ed3b8f817d.jpg
165999936241446276,https://i.pinimg.com/236x/4a/d3/9b/4ad39b59a3851bca27c78c9b181198fc.jpg
165999936241492570,https://i.pinimg.com/236x/db/d0/08/dbd008b0d4004acb983da4e7b3bf676c.jpg
165999936241509591,https://i.pinimg.com/236x/e0/5e/d4/e05ed49b8c37838b18f13415a0904216.jpg
165999936241634979,https://i.pinimg.com/236x/ca/5e/be/ca5ebec1c5e055496ac0e287582579cf.jpg
165999936241697592,https://i.pinimg.com/236x/06/bb/2d/06bb2dd1036c22e2fda5e9cb4186a6d5.jpg
165999936241962004,https://i.pinimg.com/236x/35/1b/4e/351b4e6cfd991d4a248c3571ed84a858.jpg
165999936241977634,https://i.pinimg.com/236x/c2/51/da/c251da5d0f1678583cd5d4fc51b5a5ef.jpg
165999936242026578,https://i.pinimg.com/236x/1d/b5/6b/1db56b71a7c4c7bf8a846d6c5e4a18c5.jpg
165999936242048179,https://i.pinimg.com/236x/56/e9/c4/56e9c4c3b336cd74dea12fcb3f82d418.jpg
165999936242118323,https://i.pinimg.com/236x/8a/0d/a2/8a0da2789115f03ac9363f102cea1b29.jpg
165999936242196452,https://i.pinimg.com/236x/48/60/3d/48603d0f4fe3f5ceecec67fcbbfc11e2.jpg
165999936242196455,https://i.pinimg.com/236x/11/d6/1b/11d61bdfd22777e6329a1123fc27aaf1.jpg
165999936242557537,https://i.pinimg.com/236x/b7/a1/b3/b7a1b336f57cfd161564e3b64e8dff04.jpg
165999936242888582,https://i.pinimg.com/236x/f5/aa/f4/f5aaf478816e4ef8f83d5f2f1dd44f97.jpg
165999936242946692,https://i.pinimg.com/236x/c3/f5/92/c3f59237e8538fe266326cdf182c7953.jpg
165999936242960330,https://i.pinimg.com/236x/1e/13/d0/1e13d0725a61209aefa4de3014884a73.jpg
165999936242989868,https://i.pinimg.com/236x/1c/6b/64/1c6b648550e0ddfcf8b9489bdc566c68.jpg
165999936243159293,https://i.pinimg.com/236x/88/5a/a9/885aa9ed6bb4a3be992ea914315e05b7.jpg
165999936243357002,https://i.pinimg.com/236x/4e/f2/02/4ef202a34613eb92afe7bcb79349a2c1.jpg
165999936243357074,https://i.pinimg.com/236x/f0/ef/8c/f0ef8c6b778eb8aed5551f91ee434aef.jpg
165999936243357090,https://i.pinimg.com/236x/5e/ad/50/5ead5044d45918a0bf54ba7f3caf7ab6.jpg
165999936243410033,https://i.pinimg.com/236x/16/f1/82/16f18219cf599d9acf62eeefbd249c60.jpg
165999936243410062,https://i.pinimg.com/236x/0d/90/5f/0d905fa579b170d9e1c49238ceaab01c.jpg
165999936243486328,https://i.pinimg.com/236x/77/b3/8b/77b38b1d697e27c82d0531b043766521.jpg
165999936243517670,https://i.pinimg.com/236x/10/35/b9/1035b9736069a34b2e7fd416098a965a.jpg
165999936243517731,https://i.pinimg.com/236x/90/53/2a/90532a26bbd9cbf2f8fafe09221535fd.jpg
165999936243809460,https://i.pinimg.com/236x/63/42/9e/63429e96950a335aa47dc0764a462c65.jpg
165999936244652229,https://i.pinimg.com/236x/47/41/3e/47413ebc3ae1ff6fccb2551f388a4c03.jpg
165999936245329251,https://i.pinimg.com/236x/21/7c/13/217c13551afd95642193e379ab2d9e47.jpg
165999936245829462,https://i.pinimg.com/236x/05/8f/e6/058fe631b92a331f2f9012e0646d6455.jpg
165999936245921957,https://i.pinimg.com/236x/82/3e/40/823e40de74f0d1452583e328d5152dcf.jpg
165999936245954907,https://i.pinimg.com/236x/9d/a1/b2/9da1b2293077bdfa87929298dd5edddb.jpg
165999936245982350,https://i.pinimg.com/236x/22/97/35/229735b6d94622f85c081d10b5f882d5.jpg
165999936245982364,https://i.pinimg.com/236x/ec/19/97/ec19975fc52b211d4ff7b4d613151d75.jpg
165999936247711150,https://i.pinimg.com/236x/95/29/24/95292479aca90f3f2a1dc44cc9a5a102.jpg
165999936248208220,https://i.pinimg.com/236x/fa/ea/ca/faeaca33e695b78e513ae4fa38060392.jpg
165999936248255944,https://i.pinimg.com/236x/b3/fa/7f/b3fa7f4fec2571cc96279ab1e7800010.jpg
165999936248649828,https://i.pinimg.com/236x/ef/ae/2c/efae2c2057213a85f23795a0f781aa69.jpg
165999936248649842,https://i.pinimg.com/236x/c7/96/64/c796645c25563ecc18c0f436375b86e9.jpg
165999936249138515,https://i.pinimg.com/236x/00/dc/d4/00dcd4f99a94b8c47e68596da6eaae90.jpg
165999936249295187,https://i.pinimg.com/236x/bf/71/63/bf716359ed72c09da174b250a9474459.jpg
165999936249346169,https://i.pinimg.com/236x/57/3a/57/573a573812a6c7d1b4722f52b5f85a96.jpg
165999936249349512,https://i.pinimg.com/236x/48/f1/ac/48f1aca209fdc2980415616a74f202cb.jpg
165999936249668723,https://i.pinimg.com/236x/e3/c9/c6/e3c9c6c06e4fd21396b3cce03fb66571.jpg
165999936249668731,https://i.pinimg.com/236x/27/1e/d3/271ed39d80563e8d6212e3614f623a96.jpg
165999936249704859,https://i.pinimg.com/236x/72/e8/42/72e8425a7c1cd09a477cd6f3b0869476.jpg
165999936250787154,https://i.pinimg.com/236x/79/7e/ca/797ecaa54ebb16af6b2781bafec2f4cb.jpg
165999936251212847,https://i.pinimg.com/236x/4d/38/cf/4d38cf52120de427160a94f7880c6281.jpg
165999936251504554,https://i.pinimg.com/236x/e4/da/d7/e4dad70c0ea46191db3c539793b3e115.jpg
165999936251504584,https://i.pinimg.com/236x/6a/16/f4/6a16f4414f802245275ed35ed606a979.jpg
165999936251625759,https://i.pinimg.com/236x/e2/9e/1f/e29e1f4358efdfe599c5390f66bea654.jpg
165999936251661183,https://i.pinimg.com/75x75_RS/5d/0a/9c/5d0a9c40345ec71a6093e289ef7ab26e.jpg
165999936251912158,https://i.pinimg.com/236x/47/35/f3/4735f3562bd4cbdd092359ecd5912e22.jpg
165999936252123162,https://i.pinimg.com/236x/4c/b8/28/4cb828b832248d7ceb1e815e240d0b65.jpg
165999936252311488,https://i.pinimg.com/236x/5f/77/4a/5f774a2c503a29c63c3ce21445c0edbe.jpg
165999936252371547,https://i.pinimg.com/236x/09/5f/10/095f10a1ce291234b9932424e082b13f.jpg
165999936252419919,https://i.pinimg.com/236x/e8/b2/c4/e8b2c46bf427643a9a1101cbc29296e6.jpg
165999936253504473,https://i.pinimg.com/236x/f1/6d/77/f16d77d8e56d1150a0c9f13d6733b24f.jpg
165999936253551856,https://i.pinimg.com/236x/96/74/07/967407b644bfe1ee9ae629782b400986.jpg
165999936253575005,https://i.pinimg.com/236x/51/87/cc/5187cc98be98c5007c3385e34d278ccc.jpg
165999936253813620,https://i.pinimg.com/236x/22/a6/a5/22a6a55abcc982f5386231d595ab8279.jpg
165999936253963924,https://i.pinimg.com/236x/2c/a0/97/2ca097b31a2ad711c8b8565fc0457aa9.jpg
165999936254131153,https://i.pinimg.com/236x/aa/b9/fb/aab9fb0ca20a824f004dc0abc157c218.jpg
165999936254135351,https://i.pinimg.com/236x/0c/db/6d/0cdb6da07572f7f3131976af7d7fff97.jpg
165999936254144793,https://i.pinimg.com/236x/04/9a/b7/049ab77f5b31c9a8c8545bae089a76ac.jpg
165999936254189922,https://i.pinimg.com/236x/bd/c3/a0/bdc3a0eb96f9f598de182b65e11d5308.jpg
165999936254266374,https://i.pinimg.com/236x/15/c0/90/15c09030ba68fb39b0a5706962ef46d3.jpg
165999936254273144,https://i.pinimg.com/236x/db/c9/35/dbc935a7280da6a906f1c8491d2bdfd6.jpg
165999936254275508,https://i.pinimg.com/236x/c4/19/6d/c4196d2ab3f7c7060f956bdfe2d4a135.jpg
165999936254866402,https://i.pinimg.com/236x/6f/a8/81/6fa8817d612795131236f25eb758b633.jpg
165999936255008007,https://i.pinimg.com/236x/4d/8f/7b/4d8f7b6659e9c18c57d0e394176b8ee4.jpg
165999936255155966,https://i.pinimg.com/236x/77/66/d2/7766d2fc8a6bad4995db0e0c3dfb10c8.jpg
165999936255155979,https://i.pinimg.com/236x/3f/ed/06/3fed0677e0b135389b9ed7f5157c7714.jpg
165999936255260076,https://i.pinimg.com/236x/65/4d/f8/654df82501f0a1743f47450d651f0a79.jpg
165999936255295053,https://i.pinimg.com/75x75_RS/e3/53/a9/e353a93ad716c482b1523052c6f34d43.jpg
165999936255361984,https://i.pinimg.com/236x/7e/35/aa/7e35aa28896dd8042a5c2ea4c87dc2e4.jpg
165999936255435170,https://i.pinimg.com/75x75_RS/50/9f/aa/509faafbad147dd5efbed56d3139610d.jpg
165999936255773826,https://i.pinimg.com/75x75_RS/74/0c/0f/740c0f4d51e9202c0dd4a96736d49926.jpg
165999936255773841,https://i.pinimg.com/236x/c8/a1/e3/c8a1e3a72c41e6ca250b8758e9d1ffa5.jpg
165999936255786960,https://i.pinimg.com/236x/ae/5b/e5/ae5be508dd56d4e5819a71f7112745e3.jpg
165999936255794225,https://i.pinimg.com/236x/f4/46/45/f446455c74e1d186226bac596e887006.jpg
165999936255897698,https://i.pinimg.com/236x/40/5c/53/405c53bfc2fddeff1471ed8f676b9a0f.jpg
165999936256042842,https://i.pinimg.com/236x/14/69/73/1469732c72c0b13383c146a2047d18b9.jpg
166985098673813920,https://i.pinimg.com/236x/f1/be/1e/f1be1e0993757e9faeac5d7fa5fa53f3.jpg
1688918601451261,https://i.pinimg.com/75x75_RS/6d/49/d2/6d49d2b4f9d63a17054f61687cf429e3.jpg
1688918601712642,https://i.pinimg.com/75x75_RS/6d/49/d2/6d49d2b4f9d63a17054f61687cf429e3.jpg
1688918601780040,https://i.pinimg.com/75x75_RS/73/ab/ec/73abec970ba4d9d172a1839d20aefafe.jpg
169236898486143633,https://i.pinimg.com/236x/bc/11/61/bc11619ee5292b198bf138757bfb3332.jpg
169659110950891892,https://i.pinimg.com/236x/a0/8d/c5/a08dc526e9cd26d1e90ed17ff1f68385.jpg
170362798394314230,https://i.pinimg.com/236x/26/bc/a8/26bca8d36126f432277b82ace7da12f5.jpg
170644273366914890,https://i.pinimg.com/236x/b2/22/b1/b222b1881922d3baae9ee1b57d5aefc3.jpg
170925748344250363,https://i.pinimg.com/236x/13/48/7d/13487d4c950f192baefb65588e9d0e43.jpg
171910910764043764,https://i.pinimg.com/236x/fb/8b/05/fb8b05271a4b747b1955e4facbc5a7cb.jpg
17381148552948962,https://i.pinimg.com/75x75_RS/70/df/4f/70df4f67d38c80f8dfac4c52d819f782.jpg
17451517296089323,https://i.pinimg.com/236x/5b/a6/0b/5ba60b5ff760defeab9ea38e92289405.jpg
1759287344415091,https://i.pinimg.com/75x75_RS/6d/49/d2/6d49d2b4f9d63a17054f61687cf429e3.jpg
1759287344420839,https://i.pinimg.com/236x/ff/96/f8/ff96f885cdaa9853caba22891138fc48.jpg
178173728997952344,https://i.pinimg.com/236x/81/43/40/814340e8a2c5aee98aa1133558eb82bc.jpg
180918110015121668,https://i.pinimg.com/236x/ab/4a/44/ab4a44e9cf25483aa2d1a5bbff624fcc.jpg
1829656086927444,https://i.pinimg.com/236x/bc/1b/1d/bc1b1d2240157613bcc5cc40537bd745.jpg
1829656088913192,https://i.pinimg.com/236x/19/55/4a/19554a566bb99dba3a1ffcafd7b766a0.jpg
1829656089543992,https://i.pinimg.com/236x/59/bd/3d/59bd3d7df8d4c2fe567ae9d82d66ae6f.jpg
1829656089591828,https://i.pinimg.com/236x/b7/3e/39/b73e39e17123f4a79a559fba6327edee.jpg
1829656089732460,https://i.pinimg.com/75x75_RS/44/4b/a4/444ba410afbce55c6563c5de14b94d87.jpg
1829656089989415,https://i.pinimg.com/75x75_RS/9c/38/93/9c3893232ee3eda179494a13314fbd8f.jpg
1829656090076668,https://i.pinimg.com/236x/a4/93/00/a4930033ec4ec60f0d151a3cac06c75f.jpg
1829656090144810,https://i.pinimg.com/75x75_RS/62/c1/29/62c1298ad0c6b71097763384a0a18660.jpg
183592122297372589,https://i.pinimg.com/236x/f7/32/42/f732422fa64ab4b37644b62ec2fed810.jpg
183873597275165603,https://i.pinimg.com/236x/2e/03/8a/2e038ac4ca8b8a24609396be4b6deddb.jpg
18718154685559946,https://i.pinimg.com/236x/66/7f/15/667f15b1e9a8c7f6cd3f8a620de2c216.jpg
187532771973015786,https://i.pinimg.com/236x/ca/6c/50/ca6c505dc6f8cb6bfdb347cec4e525d7.jpg
187532771973079859,https://i.pinimg.com/236x/49/d0/6c/49d06c594f159df036afeaafdd09895d.jpg
187532771973177240,https://i.pinimg.com/236x/a7/7c/db/a77cdbfad75450606f828e6439b9d941.jpg
187532771973378486,https://i.pinimg.com/236x/f0/5c/98/f05c9895b1dbc43189dc5b2d09397f3a.jpg
188799409368472910,https://i.pinimg.com/236x/54/f1/2d/54f12d3c01f213d800b7731212818ab0.jpg
189151253086554647,https://i.pinimg.com/236x/9d/da/dd/9ddaddb2c36ad251dfc9bb04e6de8b48.jpg
1900024830423881,https://i.pinimg.com/75x75_RS/15/eb/5b/15eb5b4f034e2b25f0d907c41da9b1a6.jpg
1900024830546765,https://i.pinimg.com/236x/ca/37/b3/ca37b3ad4dedb3032ab982275c4f5312.jpg
1900024830693872,https://i.pinimg.com/236x/ce/0d/8a/ce0d8ae506695fcf4574cf8eba0dd241.jpg
1900024831898604,https://i.pinimg.com/236x/f4/57/1a/f4571abffef4784f4cdfbbd84cca583e.jpg
1900024833901707,https://i.pinimg.com/75x75_RS/74/0c/0f/740c0f4d51e9202c0dd4a96736d49926.jpg
1900024833919646,https://i.pinimg.com/75x75_RS/7a/76/80/7a7680e0549d31081c9259f5fc81d080.jpg
1900024834307317,https://i.pinimg.com/75x75_RS/13/14/00/131400f50c794577584c519a3adabdcb.jpg
195273333831149408,https://i.pinimg.com/236x/61/dc/2a/61dc2a5963ddf34140c875b3614163db.jpg
195273333834180121,https://i.pinimg.com/236x/d6/b9/00/d6b900a1bac52e775a46f093b6581959.jpg
195273333834373845,https://i.pinimg.com/236x/0d/71/73/0d71732ba1570043964657e670f8bb95.jpg
195273333836723102,https://i.pinimg.com/75x75_RS/50/9f/aa/509faafbad147dd5efbed56d3139610d.jpg
19632948368128279,https://i.pinimg.com/236x/72/eb/a2/72eba26af70da9dee0969aeb6d5c9a25.jpg
19632948368145946,https://i.pinimg.com/236x/58/dc/09/58dc099e410e5281b728e1ae0dc4c956.jpg
196680708715153950,https://i.pinimg.com/236x/6e/a1/89/6ea189598b49fac769107b217cafc8b0.jpg
19703317103460584,https://i.pinimg.com/236x/c1/eb/01/c1eb01f8ae92406ff36714de9ab85b25.jpg
1970393575971937,https://i.pinimg.com/75x75_RS/81/47/12/814712c7e797b4e97387f5f2e5bfe7e8.jpg
1970393576528998,https://i.pinimg.com/236x/f8/c3/82/f8c382ec8b9e9c8c527fb52ca6e143c2.jpg
1970393576829081,https://i.pinimg.com/236x/f8/e6/5f/f8e65f883d5bfe5a6b2f565786625054.jpg
1970393576877460,https://i.pinimg.com/75x75_RS/db/2d/17/db2d17bba2fe38daf9c98c7151389e31.jpg
197947346112494624,https://i.pinimg.com/75x75_RS/10/2f/8b/102f8bd8c5c88dfc7f0f8349dc9b88eb.jpg
20055160829269310,https://i.pinimg.com/236x/2f/54/af/2f54af5dbf10aeac857acbd2c24390d9.jpg
20055160829302216,https://i.pinimg.com/236x/4c/35/d1/4c35d14a602204b44a4b464188fd6690.jpg
20055160829731215,https://i.pinimg.com/236x/fd/06/0d/fd060d80e058abede529687ebafd65b4.jpg
2040762315744030,https://i.pinimg.com/236x/9f/7c/ba/9f7cba3a86c6b69350aea53803907c0e.jpg
2040762320921402,https://i.pinimg.com/236x/ed/cb/cd/edcbcdd869416a5a357862532a1fb5c8.jpg
2040762322002013,https://i.pinimg.com/75x75_RS/74/a5/f4/74a5f4735aeeb3e5806c133b61d4d08c.jpg
2040762322002020,https://i.pinimg.com/236x/e1/67/88/e1678800cdbc9fc2e9759314d3cea191.jpg
2040762322118550,https://i.pinimg.com/75x75_RS/c6/d0/94/c6d09487cf13d14fd8f0f2bf4065e4c9.jpg
2040762322428591,https://i.pinimg.com/236x/1b/1f/2d/1b1f2dc598e8930eb7574648fc9a5f8a.jpg
204702745550843672,https://i.pinimg.com/236x/14/8f/63/148f638284ca9b44212c950beae7fd04.jpg
204702745552479081,https://i.pinimg.com/236x/07/05/16/07051649fb1e51fa6e66780faa3c3ebd.jpg
208995238946216929,https://i.pinimg.com/75x75_RS/01/6c/d8/016cd8bef2a40cf67494c18cf4d5195b.jpg
20899585759979000,https://i.pinimg.com/75x75_RS/a9/1a/0f/a91a0fd80f87be8d86350848bd8f3986.jpg
210472982573230378,https://i.pinimg.com/236x/24/ba/04/24ba0444a7a79c6f0b4d102421c61186.jpg
21110691992535342,https://i.pinimg.com/236x/61/81/96/618196941b27c5d8c49eb7721d423b17.jpg
21110691992690927,https://i.pinimg.com/236x/24/ca/f2/24caf279b968bed4988256da9be1235c.jpg
2111131068020214,https://i.pinimg.com/75x75_RS/58/54/3c/58543ce05d09572a2d350f8fecd86e91.jpg
211174969840057,https://i.pinimg.com/236x/4b/de/0e/4bde0e232ab99429f08eca80c463df5f.jpg
211174970478062,https://i.pinimg.com/236x/90/1c/ca/901cca103387ec3428c5bd2d83906207.jpg
211174971026479,https://i.pinimg.com/236x/4a/af/a1/4aafa18a986ff5a74d081d8e01b53b35.jpg
211174971212031,https://i.pinimg.com/236x/21/73/c7/2173c78f5295ac200ec1574366d92500.jpg
211174971661079,https://i.pinimg.com/236x/16/02/df/1602df6fe1f23d779c7791119a673718.jpg
211174971772979,https://i.pinimg.com/236x/63/a2/8c/63a28c765a64d27f5e8cf94d64507958.jpg
211174972438276,https://i.pinimg.com/236x/b4/93/dc/b493dc25eedfe31b3bd2f9689c41e5bc.jpg
211174972903972,https://i.pinimg.com/236x/e1/e3/40/e1e3403f43ac97916a9380d8cbec6374.jpg
211174973007852,https://i.pinimg.com/75x75_RS/62/0a/ce/620acef385001da942bee4d04e3901ae.jpg
211174973011701,https://i.pinimg.com/75x75_RS/1b/80/78/1b807876bc5d31e533f48c3c5c4aa67d.jpg
211174973012926,https://i.pinimg.com/236x/7e/4a/aa/7e4aaa218a154ad8c1b15a978150583c.jpg
211174973100136,https://i.pinimg.com/75x75_RS/72/f1/59/72f159b84fa451f1398437d5c59acf6b.jpg
211174973141862,https://i.pinimg.com/75x75_RS/fc/77/b4/fc77b40bb9d50c79306a9812d0199c7f.jpg
211174973292145,https://i.pinimg.com/236x/e6/65/d9/e665d9a0261ff12bf326510175756349.jpg
211174973498313,https://i.pinimg.com/75x75_RS/f3/5b/ab/f35bab54d2d70161618e67e2fd890fe6.jpg
211174973530740,https://i.pinimg.com/75x75_RS/ba/ff/60/baff603f3f3988205777118161c4802b.jpg
211174973695744,https://i.pinimg.com/236x/9d/63/f3/9d63f3abe46e6d5561c6afa6ea6e7373.jpg
211174973720911,https://i.pinimg.com/236x/b0/dd/05/b0dd05a97b963321ddd8156c1c18b13c.jpg
211528513735357648,https://i.pinimg.com/75x75_RS/b5/94/2e/b5942eb4fba8f76abb074710104c262d.jpg
211528513736942216,https://i.pinimg.com/75x75_RS/b5/94/2e/b5942eb4fba8f76abb074710104c262d.jpg
211528513737057448,https://i.pinimg.com/75x75_RS/b5/94/2e/b5942eb4fba8f76abb074710104c262d.jpg
211528513737419731,https://i.pinimg.com/75x75_RS/b5/94/2e/b5942eb4fba8f76abb074710104c262d.jpg
211528513737512995,https://i.pinimg.com/75x75_RS/b5/94/2e/b5942eb4fba8f76abb074710104c262d.jpg
211528513737551387,https://i.pinimg.com/236x/dc/e1/b1/dce1b13ae737cc22569d7544c44801ae.jpg
211528513738370290,https://i.pinimg.com/75x75_RS/b5/94/2e/b5942eb4fba8f76abb074710104c262d.jpg
211528513738891835,https://i.pinimg.com/75x75_RS/b5/94/2e/b5942eb4fba8f76abb074710104c262d.jpg
211528513739370441,https://i.pinimg.com/75x75_RS/b5/94/2e/b5942eb4fba8f76abb074710104c262d.jpg
211809988713235710,https://i.pinimg.com/236x/9a/c8/64/9ac8647b142e95b952baff7244db9a56.jpg
211809988713374073,https://i.pinimg.com/236x/e7/1e/89/e71e89706c20512804cbff252a91e4df.jpg
212795151131539664,https://i.pinimg.com/236x/6b/1a/b9/6b1ab9a1fd77166e613908bf980526f8.jpg
214202526016552269,https://i.pinimg.com/236x/4f/6b/ed/4f6bed0b2e198bf934c7c8369317e6a2.jpg
21462535716540925,https://i.pinimg.com/75x75_RS/fa/20/6f/fa206fe451700a343b963a2070f15342.jpg
215117319692001333,https://i.pinimg.com/236x/5b/ce/90/5bce9017cc10547022b479d9ea1808c8.jpg
215187688433388871,https://i.pinimg.com/236x/bd/f0/82/bdf082ae13501bfeb0124fa1c1cb0f1d.jpg
21603273199017474,https://i.pinimg.com/236x/76/11/34/761134bda7920c3b3e41df8ff65c9b49.jpg
216595063318252651,https://i.pinimg.com/75x75_RS/d2/93/c6/d293c6d70a9858dd2945314a836c2add.jpg
218143175689618016,https://i.pinimg.com/236x/f0/da/e7/f0dae70a5d2a939098966ef0329184c3.jpg
2181499809785346,https://i.pinimg.com/236x/79/ba/5a/79ba5a9bd8f6e9bc0855deebb65aa66f.jpg
2181499810602175,https://i.pinimg.com/236x/a6/53/3d/a6533d423a3b59017e1fd8cecc2cb304.jpg
2181499810675539,https://i.pinimg.com/236x/7f/01/22/7f0122bd87c513145c9620f27892c523.jpg
2181499810824949,https://i.pinimg.com/75x75_RS/1f/4d/ae/1f4dae2345c57d423b225c6e7e1d2245.jpg
2181499811073631,https://i.pinimg.com/75x75_RS/3c/b3/14/3cb3148e96315feb80f4d394bb16df14.jpg
2181499811463862,https://i.pinimg.com/236x/e1/00/9f/e1009ff4642020d1895767b761ff00f3.jpg
2181499811499203,https://i.pinimg.com/236x/ac/33/6b/ac336b42c790c7fb7e815632467576bd.jpg
2181499811499275,https://i.pinimg.com/236x/fa/e3/50/fae3500cc623c6b6051f33ef2dda9205.jpg
2181499811525687,https://i.pinimg.com/75x75_RS/5a/fc/7d/5afc7dd5308fcec9ba6f4b1c4706f957.jpg
218706125644572065,https://i.pinimg.com/236x/12/de/e0/12dee0102133ee87dee7856fd234d379.jpg
21955116919837099,https://i.pinimg.com/236x/56/25/de/5625de9931d23e723b56d276bacdad5e.jpg
21955116921199188,https://i.pinimg.com/236x/9d/4f/af/9d4faf9b80e0777eed733f6abc1fe13f.jpg
219902394294086942,https://i.pinimg.com/236x/8b/d6/68/8bd66854b89aa6202123d54ce29311af.jpg
220183869271575252,https://i.pinimg.com/75x75_RS/50/9f/aa/509faafbad147dd5efbed56d3139610d.jpg
220676450481311423,https://i.pinimg.com/236x/f0/4f/9f/f04f9fcca2bd7a985917345c3928e6ea.jpg
220817187967282075,https://i.pinimg.com/236x/9f/d0/c2/9fd0c28d42b82ae8e22ba5dfc6250e5f.jpg
22166223157995907,https://i.pinimg.com/236x/d3/a6/d6/d3a6d64f1dca3660fffe8c710f490d94.jpg
224335625174098429,https://i.pinimg.com/236x/10/80/e2/1080e2b1f4de0a6c5ba55027b62b8702.jpg
2251868553517675,https://i.pinimg.com/236x/b2/96/b6/b296b62dce69e8851f2ba33f4e3108bb.jpg
2251868553730465,https://i.pinimg.com/75x75_RS/05/68/75/056875c616cf3a5ae6843774edbd92a2.jpg
226305950011835581,https://i.pinimg.com/236x/62/67/fc/6267fcaad9958e5b159cbc1f1c60fd36.jpg
229683649736221569,https://i.pinimg.com/236x/cd/8e/36/cd8e3644e0b0b7ed0239c0f382c8f200.jpg
231091024616314061,https://i.pinimg.com/236x/8c/92/76/8c9276803221b7788879e5c1f350cd0f.jpg
2322237294740103,https://i.pinimg.com/236x/f3/b5/63/f3b56307d3fd38808e19111b8a52650f.jpg
2322237295114973,https://i.pinimg.com/236x/ac/92/c4/ac92c42574f6487b6befb6cbafb12aff.jpg
2322237296749170,https://i.pinimg.com/236x/a2/73/64/a2736418003f64fe2bc3a44caae1bc7c.jpg
2322237297803580,https://i.pinimg.com/236x/c0/99/51/c0995163899b3b15b4689960376f8687.jpg
2322237297835111,https://i.pinimg.com/236x/dd/54/86/dd5486d1d8140f956a4cd7326e9a8d74.jpg
233483561919370067,https://i.pinimg.com/236x/ab/e9/ca/abe9ca3775952b44e30689d0178de710.jpg
233483561921061717,https://i.pinimg.com/236x/d7/14/59/d714595594898abde4187e20c8f6e5f7.jpg
234679830568685837,https://i.pinimg.com/236x/57/73/94/57739490e9116c4b6232148f8c66c031.jpg
235242780525821686,https://i.pinimg.com/236x/69/28/a8/6928a8ea1de51469054fcdd8fe5cd632.jpg
235242780526120236,https://i.pinimg.com/236x/17/76/f1/1776f16b0bad3fb93b00d496a64b2e2a.jpg
237494580333851017,https://i.pinimg.com/236x/05/d5/2f/05d52f6e44dcc5a26cbcdd6edf83011f.jpg
237705686571517072,https://i.pinimg.com/236x/78/66/6d/78666d17567411af73895ea0c58314aa.jpg
23925441758775894,https://i.pinimg.com/236x/55/c8/0b/55c80b39102c12517bd0849097816fa6.jpg
23925441760454207,https://i.pinimg.com/236x/af/9f/01/af9f01d7066009ba49ecd3e76e1946e1.jpg
2392606042962631,https://i.pinimg.com/75x75_RS/b5/74/11/b5741159ff588aa8fa61aaa4075af044.jpg
2392606043463635,https://i.pinimg.com/236x/e5/87/90/e587906253c5601ffd6092444aa0d03b.jpg
241787073734535554,https://i.pinimg.com/236x/46/32/ee/4632eed08a1abe97ef9fb8554cbd825a.jpg
242772236149723957,https://i.pinimg.com/236x/c6/1a/bb/c61abb1b96432751302405603ec3ead1.jpg
242772236149790950,https://i.pinimg.com/236x/19/dc/6b/19dc6b214981a47997aedbb6fa84b1c8.jpg
242772236149902708,https://i.pinimg.com/236x/15/93/5d/15935d5e5e1c28c3d7bea2bc0fcd483f.jpg
242772236150050406,https://i.pinimg.com/236x/98/34/41/9834413346d3ce6d53acc48595da2e32.jpg
242772236150111721,https://i.pinimg.com/236x/4b/54/7b/4b547b1d47959453fc278d02380fcd53.jpg
242772236150131850,https://i.pinimg.com/236x/a3/65/ff/a365ff64bb5dc53672cbe26e17170bb7.jpg
242772236150179529,https://i.pinimg.com/236x/12/20/cf/1220cf8e41f7daf7a0f562b16d97b4ad.jpg
242772236150599218,https://i.pinimg.com/236x/ac/3a/48/ac3a48c305eea388f3920917b2b0ef14.jpg
242772236150673249,https://i.pinimg.com/236x/09/00/9c/09009c626fda25d1e7ea1b4c249ad6d1.jpg
242772236151384663,https://i.pinimg.com/236x/32/98/7d/32987d12ce3ae4863d938f8b23d81399.jpg
242772236152712605,https://i.pinimg.com/236x/1c/ee/38/1cee387d33b9f882a26a63a146da2369.jpg
242772236152740832,https://i.pinimg.com/236x/10/00/04/100004f467cfa2946cc01516fae91dd3.jpg
242772236152741344,https://i.pinimg.com/236x/ff/df/ed/ffdfedb8526c214806f66c647ce741d4.jpg
24488391710069549,https://i.pinimg.com/236x/b5/7f/6e/b57f6e414931d58dd6a893457563af80.jpg
2462974784128508,https://i.pinimg.com/236x/e0/1b/24/e01b242af6964838aef14875431fbac0.jpg
2462974786142443,https://i.pinimg.com/236x/47/54/b8/4754b85451536ef0df4e7957812a4270.jpg
2462974786706806,https://i.pinimg.com/75x75_RS/b5/74/11/b5741159ff588aa8fa61aaa4075af044.jpg
2462974787429935,https://i.pinimg.com/236x/3b/79/5f/3b795f33da426ec6a6459630028767f3.jpg
246431410850474142,https://i.pinimg.com/236x/15/28/23/1528238d1bcfe3eddf22052b7b64bba9.jpg
24840235434998403,https://i.pinimg.com/75x75_RS/6a/09/bb/6a09bb7d4e7da92c45b1ea038dec1745.jpg
248472104430430696,https://i.pinimg.com/75x75_RS/87/23/db/8723db8ef264707b80a10a38f88d6e7b.jpg
248472104431511610,https://i.pinimg.com/75x75_RS/87/23/db/8723db8ef264707b80a10a38f88d6e7b.jpg
251216485452167534,https://i.pinimg.com/236x/b4/20/55/b42055bac7500a5a40d61a16ce0b6077.jpg
25473554127882396,https://i.pinimg.com/75x75_RS/9c/39/31/9c393155e452342540777e9660fe1804.jpg
25473554129061371,https://i.pinimg.com/75x75_RS/9c/39/31/9c393155e452342540777e9660fe1804.jpg
257057091219441556,https://i.pinimg.com/236x/c0/be/89/c0be89004b97540232e39f9a1e76223f.jpg
258675572331047060,https://i.pinimg.com/236x/89/a3/b6/89a3b6c6d566d7db948fdb950db63b27.jpg
259238522291527603,https://i.pinimg.com/236x/dc/83/93/dc83931b4c6392788bbe725c953622cd.jpg
2603712273090945,https://i.pinimg.com/236x/b1/ac/c0/b1acc0bfcdf394b8b48ea59d034299e4.jpg
2603712274488495,https://i.pinimg.com/236x/e9/df/84/e9df846e768abed171724cd78537cb45.jpg
2603712275660957,https://i.pinimg.com/236x/ad/f9/c4/adf9c411e98ce2ce0dfc03d084582f92.jpg
260997740891052367,https://i.pinimg.com/236x/0a/af/ab/0aafabe7fda9f19afef04fc7173b303a.jpg
26106872827362231,https://i.pinimg.com/236x/28/ad/3c/28ad3c686b0e0dfdc98e6db2364002fe.jpg
261279215871233638,https://i.pinimg.com/236x/35/65/83/35658363b48623ccd50a85b4ced63f38.jpg
265079128047635511,https://i.pinimg.com/236x/b7/6a/ff/b76aff129e06c25597fbb1e203fd366e.jpg
265079128050508406,https://i.pinimg.com/236x/19/ea/17/19ea170e9989c40e92c9e0eb0815a78e.jpg
26599454040809797,https://i.pinimg.com/236x/9e/49/36/9e49365225f391f58e9bcf48a93a84c1.jpg
266627240429025925,https://i.pinimg.com/236x/cd/96/33/cd9633f0ad9426ab9ff62df810797d35.jpg
267260559123312792,https://i.pinimg.com/75x75_RS/5d/0a/9c/5d0a9c40345ec71a6093e289ef7ab26e.jpg
267260559125928996,https://i.pinimg.com/75x75_RS/5d/0a/9c/5d0a9c40345ec71a6093e289ef7ab26e.jpg
267330927869750130,https://i.pinimg.com/236x/30/e5/7d/30e57dfe802fe9d4f93eb16ac945ba4b.jpg
2674081017605154,https://i.pinimg.com/236x/4f/30/82/4f30822fc6764025e084a8273781bf06.jpg
267471665355707295,https://i.pinimg.com/236x/22/23/8e/22238e04237784f1a8ecc9a2dd2f4b16.jpg
27232772731823369,https://i.pinimg.com/236x/0d/f7/16/0df716e299ec6ad57d53985fed3c2730.jpg
273664114844687087,https://i.pinimg.com/236x/41/79/e4/4179e430b53102a37451c9d8790b8a40.jpg
2744449762675624,https://i.pinimg.com/75x75_RS/15/eb/5b/15eb5b4f034e2b25f0d907c41da9b1a6.jpg
2744449762974366,https://i.pinimg.com/236x/9a/54/8f/9a548fb92d61dcfae5885330033d5580.jpg
2744449762974373,https://i.pinimg.com/75x75_RS/cc/c4/c6/ccc4c64f87a93e06b7c30ed8442c5b56.jpg
2744449763257426,https://i.pinimg.com/236x/52/64/3f/52643fa09317a91e1da3db2a5521d497.jpg
27514247713884198,https://i.pinimg.com/236x/d5/f1/ce/d5f1ceda13d5343548ada4b2b18c32d9.jpg
28006828922606514,https://i.pinimg.com/236x/f8/73/11/f873118e36b37dd48bfc864936fffe8b.jpg
2814818508131675,https://i.pinimg.com/236x/76/3d/1f/763d1f7715f71ef217365d8107e374f7.jpg
281543713392089,https://i.pinimg.com/75x75_RS/9c/39/31/9c393155e452342540777e9660fe1804.jpg
281543714332622,https://i.pinimg.com/236x/d0/f2/78/d0f278aeb617cf99a759b516affc7b78.jpg
281543716336784,https://i.pinimg.com/236x/89/9c/49/899c495dd8e2ce823abaeb1e1cc7903d.jpg
281543716507921,https://i.pinimg.com/236x/d3/5a/d8/d35ad84cb90aa9a1b2e7fcfdd7f9ed94.jpg
281543716781291,https://i.pinimg.com/75x75_RS/58/54/3c/58543ce05d09572a2d350f8fecd86e91.jpg
281543716820338,https://i.pinimg.com/236x/df/16/55/df1655c3c2668f7220e86f9bafd828ab.jpg
281543717227146,https://i.pinimg.com/236x/d7/61/44/d76144290054a8c389ef8d4c6ab772df.jpg
281543717335710,https://i.pinimg.com/236x/cb/94/d7/cb94d7f101dad17977a468784310b7fd.jpg
281543717367033,https://i.pinimg.com/75x75_RS/fc/77/b4/fc77b40bb9d50c79306a9812d0199c7f.jpg
281543717528283,https://i.pinimg.com/236x/8c/4c/b4/8c4cb403396f0bb4bf78a1f41c31ebb7.jpg
281543717701229,https://i.pinimg.com/236x/83/be/6a/83be6a0a6480a5cc5d6f68f2db67c315.jpg
281543717755235,https://i.pinimg.com/75x75_RS/c0/d8/34/c0d834727feddc991210e5577fce778e.jpg
281543717789760,https://i.pinimg.com/236x/84/64/65/846465ee1bfaa17154abb31302e2b479.jpg
281543717863945,https://i.pinimg.com/236x/7e/d6/97/7ed697998319de17ec3dffa58b4add49.jpg
282389839124449347,https://i.pinimg.com/236x/89/56/95/8956954861e9f881efc24b3adcd736f1.jpg
282389839124644895,https://i.pinimg.com/236x/a9/6c/45/a96c45680ffc8de01d1f214cc29ce893.jpg
28288303897183577,https://i.pinimg.com/236x/92/4c/28/924c286ea72c300acca1b10e15fa82fb.jpg
283023157818516175,https://i.pinimg.com/236x/16/e0/e2/16e0e257ddf93fd8174f45596d75dae5.jpg
284289795216608810,https://i.pinimg.com/236x/61/95/ec/6195ec4ee6e4623f87b281e18b68b3b1.jpg
28851253849852195,https://i.pinimg.com/236x/7e/6a/fd/7e6afd2138ac1cbcfae39073f5d99d1a.jpg
2885187250328779,https://i.pinimg.com/236x/f6/af/f5/f6aff5e596db16150c00f1470abff363.jpg
2885187250624687,https://i.pinimg.com/236x/0a/58/b9/0a58b9c9ec043606b871d676379cdb3f.jpg
2885187251072580,https://i.pinimg.com/75x75_RS/5a/fc/7d/5afc7dd5308fcec9ba6f4b1c4706f957.jpg
2885187252452363,https://i.pinimg.com/75x75_RS/46/f1/ea/46f1eaf05623cd4a2afe6a1258dc1655.jpg
291326669638997715,https://i.pinimg.com/236x/28/4e/4d/284e4dfacc2dd2c8005e07bf719bf0eb.jpg
29343835063350971,https://i.pinimg.com/236x/4d/5e/f7/4d5ef734dd39d2bc84aba3ec06ad21c3.jpg
2955555995268475,https://i.pinimg.com/236x/d1/63/ac/d163ac58f6ae1fbd051e3e8c92046df5.jpg
2955555996277433,https://i.pinimg.com/75x75_RS/26/3f/e1/263fe19648e87290f2d8bec3adeb3e45.jpg
29836416272469246,https://i.pinimg.com/75x75_RS/bc/01/97/bc0197b8f43eae9703a91bb987ede246.jpg
298433912807708036,https://i.pinimg.com/236x/42/43/71/4243719e505428f92d6cfa2bd9a7a638.jpg
30258628738447358,https://i.pinimg.com/75x75_RS/fc/29/a9/fc29a9d5281b1f1b7646cb6010dddf30.jpg
3025924737581398,https://i.pinimg.com/236x/26/75/f8/2675f8a74ede814011fae45545f2bef2.jpg
3025924740428820,https://i.pinimg.com/236x/d8/e2/f0/d8e2f0cb6dac86590add4883a8aa4ea0.jpg
30821578689500331,https://i.pinimg.com/236x/90/b3/7d/90b37da12c7ea6151acbe43c0e58181e.jpg
3096293479840199,https://i.pinimg.com/236x/74/4f/12/744f122a7cfc819a208d017b1b740ed4.jpg
3096293484157629,https://i.pinimg.com/236x/69/85/22/698522c02314935cadc6f196f30294bf.jpg
3096293485243090,https://i.pinimg.com/236x/b8/e3/49/b8e3490e401e4220e719dd4effdcadf5.jpg
31103053668727314,https://i.pinimg.com/236x/e2/b9/a5/e2b9a5d89243f0bbe421ab91e2dc1cd3.jpg
31173422410940235,https://i.pinimg.com/236x/e2/ff/8d/e2ff8de0a89ab609445c327335444aec.jpg
3166662225904031,https://i.pinimg.com/236x/4d/f6/f4/4df6f4c7343b2dd172350f0691acffb7.jpg
3166662226911048,https://i.pinimg.com/236x/52/eb/39/52eb391e04799169d838deca31ae34fb.jpg
3166662228201180,https://i.pinimg.com/236x/6c/8e/b1/6c8eb1ea90b4136bd216bfef5427606f.jpg
3166662228219423,https://i.pinimg.com/75x75_RS/62/c1/29/62c1298ad0c6b71097763384a0a18660.jpg
3166662228291128,https://i.pinimg.com/75x75_RS/1f/4d/ae/1f4dae2345c57d423b225c6e7e1d2245.jpg
31947478595355856,https://i.pinimg.com/236x/18/42/34/184234eb9d805608fea558f2e1a13006.jpg
31947478595515119,https://i.pinimg.com/236x/8b/d0/15/8bd01545eb5955e8d781ded2dcdfe274.jpg
321655598392210649,https://i.pinimg.com/236x/d0/f8/8a/d0f88ae2354e9a38fd1821eafb463f5e.jpg
321796335867018679,https://i.pinimg.com/236x/f3/33/c3/f333c313bfd4687360429269092dc6b5.jpg
322992604533567450,https://i.pinimg.com/236x/80/6f/bb/806fbb9e5a068e2c93013fd4d716109a.jpg
3237030970180550,https://i.pinimg.com/75x75_RS/8d/df/42/8ddf425e400835063c8e6eda9be2c3fd.jpg
3237030972482356,https://i.pinimg.com/236x/24/28/0a/24280a1821e01d6cf26785cd607b413f.jpg
3237030972701031,https://i.pinimg.com/75x75_RS/f3/5b/ab/f35bab54d2d70161618e67e2fd890fe6.jpg
3237030973378653,https://i.pinimg.com/75x75_RS/1f/4d/ae/1f4dae2345c57d423b225c6e7e1d2245.jpg
3237030973656677,https://i.pinimg.com/236x/01/a8/69/01a86927855a5cb89fd3fc12ee6321e9.jpg
326018460531909370,https://i.pinimg.com/236x/00/c2/f3/00c2f3ed398a3c37356fe961b039dbe9.jpg
326018460532250839,https://i.pinimg.com/236x/fa/bd/5e/fabd5e71ed7c837413d84bb95635cc7f.jpg
326018460533214285,https://i.pinimg.com/236x/5d/05/6d/5d056d72d56edb8a9d4e2e8984e6b5ff.jpg
326229566768476352,https://i.pinimg.com/236x/99/19/c9/9919c92279d26f1fba93a07c9483e6d6.jpg
32651166034946238,https://i.pinimg.com/236x/d2/ed/86/d2ed8626536165622ad75e7a93052bc9.jpg
327285097918475782,https://i.pinimg.com/236x/cb/5e/5d/cb5e5db2ef06893a0df46cb18a201580.jpg
327285097924456693,https://i.pinimg.com/236x/0c/22/07/0c2207932d4f6c1da85e8e6459be54d1.jpg
327285097924457299,https://i.pinimg.com/236x/ca/ba/9c/caba9c0fee976d2f7930f9a386c497ce.jpg
327285097927477436,https://i.pinimg.com/236x/54/f9/71/54f97195d80b1c581e70491c08815b00.jpg
328410997829313019,https://i.pinimg.com/236x/7c/64/ee/7c64ee0f4cff79d8aa4c07d96aa6e3a0.jpg
329044316535392806,https://i.pinimg.com/236x/dd/f3/b2/ddf3b26d61c4adf7210248671e3a778f.jpg
329466528995034152,https://i.pinimg.com/236x/e2/ab/cd/e2abcd1459030fd97e157f727f387d07.jpg
3307399714405702,https://i.pinimg.com/75x75_RS/6d/1b/7b/6d1b7b926fbaaa84079b479b57544773.jpg
3307399715807500,https://i.pinimg.com/236x/14/aa/0f/14aa0f0360584b3192497bc89e32ed40.jpg
3307399716714203,https://i.pinimg.com/75x75_RS/c6/d0/94/c6d09487cf13d14fd8f0f2bf4065e4c9.jpg
3307399716819581,https://i.pinimg.com/75x75_RS/2c/0d/c4/2c0dc44eed5a14f70cccc26115d7f0a2.jpg
331014641365481648,https://i.pinimg.com/236x/5f/78/af/5f78aff33cade7aad6ece33664d3291b.jpg
337066353369577763,https://i.pinimg.com/236x/70/da/9e/70da9e2d4c5d66c0c546b68bdb1c6004.jpg
3377768451964375,https://i.pinimg.com/236x/4d/47/33/4d4733e888a31484bd7cb9d9b95e42b4.jpg
3377768457039358,https://i.pinimg.com/236x/29/1f/d1/291fd19559c49281a9805ce9eaddc24c.jpg
3377768458059645,https://i.pinimg.com/236x/25/45/b8/2545b8aa05f12e2702e5a9974ea6fe90.jpg
3377768458202037,https://i.pinimg.com/236x/dc/74/6f/dc746fee5b39a8920a559c974288cc34.jpg
3377768461566613,https://i.pinimg.com/236x/16/c4/b8/16c4b8ad8866a5ce3f6127ea3d7e92e9.jpg
338332990766390446,https://i.pinimg.com/236x/4f/2b/7a/4f2b7ae99a2813ef8cf67a102360af45.jpg
33917803434841301,https://i.pinimg.com/236x/e4/10/fa/e410fad1941bd713117e625e61a58daf.jpg
340162578112416475,https://i.pinimg.com/236x/a3/09/5b/a3095b63425042f47f1d5660cc10f12d.jpg
34199278405347327,https://i.pinimg.com/236x/49/b1/05/49b105a4858bd9bf49cc12c61d049f6f.jpg
344525440252669940,https://i.pinimg.com/236x/a3/d1/48/a3d14898c7aa32cb10df8a34d8555708.jpg
3448137204452734,https://i.pinimg.com/236x/65/09/7c/65097c3bd6df7b6d59cff0cbec581a0a.jpg
3448137204465397,https://i.pinimg.com/236x/b3/df/3f/b3df3fed6682ea0907103b6f8cf55337.jpg
3448137205252147,https://i.pinimg.com/75x75_RS/59/7d/46/597d46addef4ef0483b056a5ee91f5c1.jpg
34621490875744635,https://i.pinimg.com/236x/71/19/3b/71193b129738db45f314d49bdd13428c.jpg
346495765085210374,https://i.pinimg.com/236x/24/76/fc/2476fc48e8fa84a0420f7e9a34cdce32.jpg
34691859621297899,https://i.pinimg.com/236x/d7/8d/93/d78d937e5c73a0ab4355794615522562.jpg
34762228364746787,https://i.pinimg.com/236x/46/03/3f/46033f3a2227ebd84b6fee67c9d07799.jpg
34973334594542310,https://i.pinimg.com/236x/f9/c5/1f/f9c51fbe8e85e7e6e143fbfd07b3885b.jpg
3518505946183317,https://i.pinimg.com/236x/10/6a/94/106a944e296f34c3240a735c8afd6507.jpg
3518505949463635,https://i.pinimg.com/236x/3b/3b/11/3b3b118c972b00fcc730df97b7e520d8.jpg
3518505950103502,https://i.pinimg.com/236x/75/bf/e4/75bfe4fc1b0f77f71a1ec414775cbb81.jpg
351912459608145,https://i.pinimg.com/236x/91/67/80/916780173d011f1ffb8548f46493b863.jpg
351912459744219,https://i.pinimg.com/75x75_RS/50/9f/aa/509faafbad147dd5efbed56d3139610d.jpg
351912460449019,https://i.pinimg.com/236x/7e/68/b3/7e68b33a47b24feb32927310a5171c91.jpg
351912460588950,https://i.pinimg.com/236x/f5/2e/e0/f52ee09f203c903dfefed67321c1c43d.jpg
351912460656700,https://i.pinimg.com/236x/f4/b5/ea/f4b5eac23081fff420dd5d4a7656144b.jpg
351912460688519,https://i.pinimg.com/236x/48/e0/0c/48e00c7498aad5f6398e4719ccb3435e.jpg
351912460846940,https://i.pinimg.com/236x/ab/d7/92/abd7922163e63c0d5d0a9814f3f36baf.jpg
351912461055397,https://i.pinimg.com/236x/37/c0/92/37c0928fdc81bc8ff8c5719abf34634d.jpg
351912461081146,https://i.pinimg.com/236x/bb/db/09/bbdb091a95c0b49d44bf4324acc25555.jpg
351912461115126,https://i.pinimg.com/236x/89/af/8c/89af8cd13ec038ca130c6c10cab6247c.jpg
351912461159674,https://i.pinimg.com/75x75_RS/00/81/9d/00819df10bed4e1477aea9197006e92e.jpg
351912461174470,https://i.pinimg.com/236x/a3/62/ac/a362acd577f2ca9e3505a12d42080482.jpg
351912461187661,https://i.pinimg.com/236x/70/4a/bc/704abcf90a7e7ffc808a77d3805e5f06.jpg
351912461398132,https://i.pinimg.com/236x/ab/41/bc/ab41bc17e197633e9a250ecfecf8b395.jpg
351912461540291,https://i.pinimg.com/236x/56/29/4c/56294c06318a1e72c9d4a0540e86dc3e.jpg
351912461598306,https://i.pinimg.com/236x/83/48/ca/8348ca62c336d76e6255eacfc3563906.jpg
351912461776064,https://i.pinimg.com/236x/7b/7d/94/7b7d94e0076cc0b80e0e5dde919ab362.jpg
351912461822224,https://i.pinimg.com/75x75_RS/0f/f2/e0/0ff2e030c3c6e765201f62cab170d3f2.jpg
351912461836040,https://i.pinimg.com/75x75_RS/cb/b9/d6/cbb9d67fbc85df4cc26ef4ca289cef87.jpg
351912461853041,https://i.pinimg.com/75x75_RS/4e/47/e5/4e47e5657567fa64d5c512c2de598887.jpg
351912461864697,https://i.pinimg.com/75x75_RS/b1/b7/45/b1b7455d1b722d3d9ecf1c1010f4bb0d.jpg
351912461871285,https://i.pinimg.com/75x75_RS/3c/e7/51/3ce7516447b080e558c97f081e96bd78.jpg
352828952051026364,https://i.pinimg.com/236x/ca/be/0f/cabe0f11508262c8c4f24af2f2110d53.jpg
354447433177167875,https://i.pinimg.com/236x/96/04/9e/96049e71851fe9b760e6438ac653fe27.jpg
35536284538524222,https://i.pinimg.com/236x/aa/f6/b0/aaf6b0f2f4c35bd4f60f8d2d853219de.jpg
357895501643035164,https://i.pinimg.com/75x75_RS/96/35/ed/9635edaf1627809ccf8f2323b59c7219.jpg
3588874692340255,https://i.pinimg.com/75x75_RS/8c/24/f6/8c24f6af7ab5f20d236ad54610e6db45.jpg
3588874692801277,https://i.pinimg.com/236x/28/61/88/28618865fdb9907b5fc9b607846c44da.jpg
3588874693187397,https://i.pinimg.com/236x/cf/93/01/cf930152b2db89439adaf80d7f0812df.jpg
3588874693251206,https://i.pinimg.com/236x/b3/5c/aa/b35caaaed1da0ecf2184e4ed8b4584c1.jpg
359091770291299662,https://i.pinimg.com/236x/b9/0b/6a/b90b6a3b7e7e6252fba3071e6ffd56c5.jpg
360428776435711559,https://i.pinimg.com/236x/38/95/c5/3895c533e496f0bc1eade67d8e29598a.jpg
361132463878026009,https://i.pinimg.com/236x/06/30/24/0630244be58a6c9bec2481ba55859e43.jpg
366691594666171254,https://i.pinimg.com/75x75_RS/01/e4/8e/01e48e2625a421ae8f56eb0e972e4b48.jpg
368450813270742438,https://i.pinimg.com/75x75_RS/2e/02/a5/2e02a5cb41cb09d4a44acca3bcf1f55b.jpg
368450813271727087,https://i.pinimg.com/75x75_RS/2e/02/a5/2e02a5cb41cb09d4a44acca3bcf1f55b.jpg
368450813272042095,https://i.pinimg.com/75x75_RS/2e/02/a5/2e02a5cb41cb09d4a44acca3bcf1f55b.jpg
368450813272380141,https://i.pinimg.com/75x75_RS/2e/02/a5/2e02a5cb41cb09d4a44acca3bcf1f55b.jpg
368450813273378723,https://i.pinimg.com/75x75_RS/2e/02/a5/2e02a5cb41cb09d4a44acca3bcf1f55b.jpg
368450813274476042,https://i.pinimg.com/75x75_RS/2e/02/a5/2e02a5cb41cb09d4a44acca3bcf1f55b.jpg
368873025730994561,https://i.pinimg.com/236x/ce/3e/92/ce3e92cf5d92aafe15fbd102427a0e5a.jpg
37084396921047577,https://i.pinimg.com/236x/da/27/a4/da27a41c58f4742456701e794d9d789d.jpg
37225134407837151,https://i.pinimg.com/236x/6e/2a/dd/6e2add1b419f9446f7ac758a9d42a2ff.jpg
372672937923147383,https://i.pinimg.com/236x/56/58/cf/5658cff5899fdc0fe6f539e52f6484ce.jpg
3729612187825710,https://i.pinimg.com/236x/e7/85/fc/e785fc106cd0c8e533e361436d7d8e3e.jpg
3729612200369347,https://i.pinimg.com/236x/70/16/99/701699df42c4b050bb6ea4e33dd50697.jpg
373517362854706315,https://i.pinimg.com/236x/2e/ec/9d/2eec9d7a9c065543a56ed70c5eb2c61e.jpg
37999190596182710,https://i.pinimg.com/236x/d4/07/e3/d407e3545dccc49a7dbe7daa59ae630b.jpg
37999190596250009,https://i.pinimg.com/236x/8d/d2/fa/8dd2fa3bb8d8f3a4be19f5cbd681a56c.jpg
3799980924856680,https://i.pinimg.com/236x/4e/79/6c/4e796c2648c03bc64811b67676ab19db.jpg
3799980925602190,https://i.pinimg.com/75x75_RS/1d/07/79/1d07794a1811b1f75925b23f0513da8a.jpg
383509724522256555,https://i.pinimg.com/75x75_RS/5e/90/74/5e9074befdd9aaf28fc6add206784b4a.jpg
388224430381408578,https://i.pinimg.com/236x/87/bf/2d/87bf2d7a2a3481926c4e40c14c54f63d.jpg
3940718411999799,https://i.pinimg.com/236x/3b/93/c4/3b93c447040cb9876af719cb8ce8efe8.jpg
3940718414563295,https://i.pinimg.com/75x75_RS/15/eb/5b/15eb5b4f034e2b25f0d907c41da9b1a6.jpg
3940718415267324,https://i.pinimg.com/75x75_RS/44/6b/37/446b37257c85e4e1e7c5706a35dade97.jpg
3940718415379226,https://i.pinimg.com/75x75_RS/dd/fd/a1/ddfda15f02315b73d91f08d38569ed38.jpg
395331673542093057,https://i.pinimg.com/236x/b0/01/68/b0016872e0458f8659caa0e2e8eacf56.jpg
395402042291165489,https://i.pinimg.com/236x/c1/0b/e4/c10be47b61fa28c0a14fa98e59baeed7.jpg
399413060710880993,https://i.pinimg.com/236x/be/79/56/be79566cc9e6c1291f4c76b7f45cadac.jpg
401031541814700269,https://i.pinimg.com/236x/30/0f/76/300f7676893bdd1b764195ae60e29609.jpg
401805598010209078,https://i.pinimg.com/236x/08/bd/24/08bd24094adb9b37aa460a9a1882adb2.jpg
40180621666006068,https://i.pinimg.com/236x/bc/d3/74/bcd374829dcb616c78aac5c1089065f9.jpg
40250990408312063,https://i.pinimg.com/236x/4e/ed/ff/4eedff4dcf739061d2ad1dcde5910845.jpg
404761085269363094,https://i.pinimg.com/236x/5c/88/65/5c88652dcc85f80a7a1043cc07d6dea5.jpg
405886985174664250,https://i.pinimg.com/75x75_RS/84/fa/ec/84faec8c370924fccdf0a855e3543633.jpg
4081455898821568,https://i.pinimg.com/236x/af/a3/e4/afa3e48d4b9a3234e66f65c37e7d77b9.jpg
4081455901159755,https://i.pinimg.com/236x/c4/bb/06/c4bb0601d8831ebd35f5c55f951cea42.jpg
4081455902285061,https://i.pinimg.com/75x75_RS/50/9f/aa/509faafbad147dd5efbed56d3139610d.jpg
4081455902299941,https://i.pinimg.com/75x75_RS/1d/07/79/1d07794a1811b1f75925b23f0513da8a.jpg
409546159862665530,https://i.pinimg.com/236x/99/46/fb/9946fbf3643b287e8735bcb614a7f5d3.jpg
411516484704838743,https://i.pinimg.com/236x/e9/3e/c5/e93ec579220167563ac74d900f6cc804.jpg
414331234466887224,https://i.pinimg.com/236x/48/c1/f6/48c1f6b5113a1a8a8cf28d1bff72cd3c.jpg
41447259054503037,https://i.pinimg.com/236x/cf/35/74/cf3574031869e7489a32305de162d5e4.jpg
414612709449179682,https://i.pinimg.com/236x/cd/10/61/cd1061aded45831c5dc46c194e6412b6.jpg
4151824646525785,https://i.pinimg.com/236x/5f/37/a2/5f37a2bb55d36a8937a9a8e349ed365d.jpg
4151824647524900,https://i.pinimg.com/236x/1c/08/e9/1c08e9f9678191ae7938e683f0edd914.jpg
4222193389636409,https://i.pinimg.com/236x/55/fb/5f/55fb5f95322de3d8951e502114ca0e5c.jpg
422281202772798,https://i.pinimg.com/236x/71/97/c4/7197c4182d3fb27220c330bc2b64bfa1.jpg
422281203435735,https://i.pinimg.com/236x/b8/1a/7e/b81a7e4baedca16e1fcabd5958ca908f.jpg
422281203522183,https://i.pinimg.com/236x/2e/b3/42/2eb342239b48165096bd62c5b79a0861.jpg
422281204220641,https://i.pinimg.com/236x/5a/4f/51/5a4f5183e401ef9b04ce03b55068c337.jpg
422281205193982,https://i.pinimg.com/75x75_RS/74/8e/98/748e98d4df1188ca89fab1dc005dfb09.jpg
422281205224463,https://i.pinimg.com/236x/39/f2/f1/39f2f15adc959c48d82e4a346b28b950.jpg
422281205421100,https://i.pinimg.com/236x/3b/5c/1f/3b5c1f12b0ca6e540021a15f30937766.jpg
422281205937932,https://i.pinimg.com/236x/7d/1d/dc/7d1ddcef2a385974c33ebd92567b6489.jpg
422281205950894,https://i.pinimg.com/236x/6b/92/6f/6b926fe95c5113c1099b271fdafa5004.jpg
422281206014411,https://i.pinimg.com/75x75_RS/62/c1/29/62c1298ad0c6b71097763384a0a18660.jpg
422281206203706,https://i.pinimg.com/75x75_RS/78/56/d9/7856d963b64505230f8927f42def51ff.jpg
422281206390533,https://i.pinimg.com/236x/2f/3c/d4/2f3cd47349b7cea9bd36e583addd3ec5.jpg
422281206428954,https://i.pinimg.com/75x75_RS/c0/85/4e/c0854e54671a5de449c311b6d07c95ac.jpg
422281206621849,https://i.pinimg.com/75x75_RS/88/9e/27/889e2759d636a4e3be0bc00b2b8e2fe9.jpg
422281206717160,https://i.pinimg.com/236x/c8/6e/43/c86e43f81cb668328a53736e4da49d2e.jpg
422281206836657,https://i.pinimg.com/75x75_RS/cc/a6/8e/cca68e5fe549d43c4b7befac031a46fd.jpg
422281206838644,https://i.pinimg.com/75x75_RS/62/0a/ce/620acef385001da942bee4d04e3901ae.jpg
424464333629250305,https://i.pinimg.com/236x/ac/ce/f1/accef1fd0a574130bcab456d5267902e.jpg
428123508336853995,https://i.pinimg.com/236x/d1/69/a7/d169a73ab0f195a735a89c9e1069d5f4.jpg
42854633943581345,https://i.pinimg.com/236x/d6/79/78/d6797803b82eda37a983bb0e0a8a9e87.jpg
4292562135228104,https://i.pinimg.com/236x/77/d5/20/77d520f5b32a55b45c72c7d8e067f2bf.jpg
42995371431599502,https://i.pinimg.com/236x/ce/25/65/ce2565c540b7b0bf0a620d5d9b176117.jpg
430164201906649728,https://i.pinimg.com/236x/7f/f4/fa/7ff4fa0c55b5ec62ade0269f1f7584b8.jpg
432345632984789395,https://i.pinimg.com/236x/43/60/a3/4360a3f02cec2d1545a8cf26c99aba5e.jpg
434034482844616473,https://i.pinimg.com/236x/ab/c3/69/abc369463d93e8b1ddb853bf9f43e5b3.jpg
4362930876404521,https://i.pinimg.com/236x/82/28/cb/8228cb53d574d53078e8f8736e2c175b.jpg
4362930878301879,https://i.pinimg.com/236x/1c/12/ab/1c12abbb0b7e0a33e988b3af2b80f6b5.jpg
438397344985560074,https://i.pinimg.com/236x/eb/ad/82/ebad829ace0620082a375363d2659be4.jpg
43980533851180296,https://i.pinimg.com/236x/02/31/4c/02314c08a4839a491967dc6f26f898fe.jpg
445926800609345093,https://i.pinimg.com/236x/05/0f/d7/050fd7da1ceee30f51706e662eeeb8fa.jpg
445926800611091074,https://i.pinimg.com/236x/ef/c0/5f/efc05f02e19fc38ba42f9aa2fc95f812.jpg
448178600419569254,https://i.pinimg.com/236x/20/5b/83/205b83d41afd501f7970f61d56c20e41.jpg
449726712798730661,https://i.pinimg.com/236x/23/40/70/234070aa229f2004a5a1a68b0f88a782.jpg
45106433753653860,https://i.pinimg.com/236x/02/03/5c/02035c5fcdaf8e640a6550827d75f1ca.jpg
4574037107888259,https://i.pinimg.com/236x/ab/3f/d0/ab3fd002ad347afd35acb1de7536aa78.jpg
461830136796834588,https://i.pinimg.com/236x/70/71/ca/7071ca5d891307f5e193378390eeae92.jpg
463307880415561792,https://i.pinimg.com/236x/60/42/78/604278700d856ace500faf27c4ce10af.jpg
463307880420583774,https://i.pinimg.com/236x/8d/32/b5/8d32b5de325daebfb2e9dba8507e9365.jpg
469429961161798080,https://i.pinimg.com/75x75_RS/5d/0a/9c/5d0a9c40345ec71a6093e289ef7ab26e.jpg
4714774597171989,https://i.pinimg.com/75x75_RS/62/0a/ce/620acef385001da942bee4d04e3901ae.jpg
4714774597250755,https://i.pinimg.com/236x/94/cf/00/94cf0042794d2afff55883e683602697.jpg
47287864823970365,https://i.pinimg.com/236x/f4/33/e7/f433e7c0fafd12121cd801fb34d7a296.jpg
47358233570475630,https://i.pinimg.com/236x/36/7d/39/367d395a0dbb8f6bca7f65223dde3107.jpg
474637248240243323,https://i.pinimg.com/236x/21/ec/53/21ec53e1b0c29709c6be2d07dbc33c0e.jpg
475552041909482556,https://i.pinimg.com/75x75_RS/cc/c4/c6/ccc4c64f87a93e06b7c30ed8442c5b56.jpg
477663104238775511,https://i.pinimg.com/236x/7e/01/67/7e01679c0ecca2e5aa6214854ecae49a.jpg
4785143342818112,https://i.pinimg.com/236x/a8/10/da/a810daf88bada4dd75bcc4f36bc0f00d.jpg
4785143343785049,https://i.pinimg.com/236x/84/d3/77/84d3777898772d42861db36e9449eb43.jpg
4785143345471063,https://i.pinimg.com/236x/21/b1/68/21b1689c2b151946a9058bac2886c788.jpg
4785143345534930,https://i.pinimg.com/236x/16/0b/f4/160bf41d11dc74c3cb5f573632337f2d.jpg
479633429072823746,https://i.pinimg.com/236x/25/df/56/25df56e3692971c06389059744580084.jpg
48202658501253618,https://i.pinimg.com/75x75_RS/fc/29/a9/fc29a9d5281b1f1b7646cb6010dddf30.jpg
4855512089673032,https://i.pinimg.com/75x75_RS/1f/4d/ae/1f4dae2345c57d423b225c6e7e1d2245.jpg
486107353530832625,https://i.pinimg.com/236x/fb/8e/fc/fb8efc833f4e4edf5d1c03d9086886c3.jpg
491244271859313579,https://i.pinimg.com/236x/c5/a8/62/c5a862b3ecbdbade762ecb1c31d796dd.jpg
492649948350532,https://i.pinimg.com/236x/44/f7/99/44f799797e16463f937c7365a2d9a254.jpg
492649948557266,https://i.pinimg.com/75x75_RS/9c/38/93/9c3893232ee3eda179494a13314fbd8f.jpg
492649948749181,https://i.pinimg.com/236x/bd/c8/0b/bdc80b2de56bcfa67dd1c009826650e8.jpg
492649949156564,https://i.pinimg.com/236x/ac/27/c8/ac27c84ec885d08b822a5f67d36e5b8d.jpg
492649949227250,https://i.pinimg.com/75x75_RS/fe/70/98/fe709801634c16aaf1da7baeace36c0f.jpg
492649949439526,https://i.pinimg.com/236x/18/a1/c9/18a1c9a6924bc8fc140cd30b4ae5cc7a.jpg
492649949440664,https://i.pinimg.com/75x75_RS/56/16/a2/5616a2af395b9fc0096213e95ea2619c.jpg
492649949556581,https://i.pinimg.com/75x75_RS/01/94/f5/0194f5e2a72f88b4591672cc9a122133.jpg
49469295897079483,https://i.pinimg.com/236x/78/fb/4b/78fb4b93b32c3537ec4531f0503deae2.jpg
495747871485374660,https://i.pinimg.com/236x/e3/8d/75/e38d75bd84279894fa6d03ff69a17e05.jpg
4996249575100438,https://i.pinimg.com/75x75_RS/6d/1b/7b/6d1b7b926fbaaa84079b479b57544773.jpg
4996249575955834,https://i.pinimg.com/236x/2a/0f/ab/2a0fabc8daaf4e05e4905f3cfeb88ec2.jpg
4996249576980392,https://i.pinimg.com/236x/2a/29/ec/2a29ec4287ad6d5422d69af89d2493a3.jpg
502573639669556268,https://i.pinimg.com/236x/50/47/3c/50473c80193b68ee9fae40469c5aa50c.jpg
50384089564078503,https://i.pinimg.com/236x/05/3a/96/053a96d81fab541018cb66a554f1860c.jpg
505036545710525849,https://i.pinimg.com/236x/da/9b/8d/da9b8dbd09470dbbcaed8c8021fb05a2.jpg
505036545712094075,https://i.pinimg.com/236x/36/25/7f/36257f375c1e2e1e5fc1c598001072a7.jpg
505036545712670017,https://i.pinimg.com/236x/d9/bd/dc/d9bddc0aafd987cfc5c982284984fb75.jpg
505810601905227073,https://i.pinimg.com/236x/77/9f/71/779f715ff5bf6654a0c6334e2b4a3a62.jpg
50947039523535045,https://i.pinimg.com/236x/3e/cf/b9/3ecfb93dda8b14e768d5b095bd91a891.jpg
510103095292566828,https://i.pinimg.com/236x/24/73/f9/2473f967d3b1ddc7dafca31a5f9ea146.jpg
510103095293345663,https://i.pinimg.com/236x/64/ff/df/64ffdfa659eabb7003a7c8a36b9be8eb.jpg
510103095293512896,https://i.pinimg.com/236x/02/14/0c/02140c7cbe6d79fcd626855dcda9847b.jpg
510103095295360141,https://i.pinimg.com/236x/68/b2/dc/68b2dc3269540887f31501c2eaa8b0dd.jpg
510103095295557110,https://i.pinimg.com/236x/12/35/37/123537b861b40e0238f93f1ee6b4b922.jpg
51158145756485661,https://i.pinimg.com/236x/0c/35/f0/0c35f0c2c33d7838d639a5c546edd75a.jpg
512566001347901928,https://i.pinimg.com/236x/00/1a/df/001adf44221aa2f9506243b45915dd51.jpg
5136987063560316,https://i.pinimg.com/236x/0f/d8/63/0fd8632fbc411d2f7e09a72a3fd38f18.jpg
5136987065579603,https://i.pinimg.com/75x75_RS/82/be/46/82be468b7b94be4c91a0872459d86c0c.jpg
5136987065644661,https://i.pinimg.com/75x75_RS/05/68/75/056875c616cf3a5ae6843774edbd92a2.jpg
516647388505712169,https://i.pinimg.com/236x/f6/c7/58/f6c7589dcc2d7252b720fa86022018fc.jpg
52072939431538842,https://i.pinimg.com/236x/d5/3d/12/d53d126c1b3ac347d4cd6d1b300aec8b.jpg
5207355810662435,https://i.pinimg.com/75x75_RS/5a/fc/7d/5afc7dd5308fcec9ba6f4b1c4706f957.jpg
521432463111611259,https://i.pinimg.com/236x/82/48/d1/8248d16db1290e6c8403d38363512ee3.jpg
523050944226820133,https://i.pinimg.com/236x/0b/fe/ff/0bfeff22d0b656f36fb33ef9822e449a.jpg
52354414410013597,https://i.pinimg.com/236x/9c/d4/02/9cd4024217773bb4d372028a0fb3c9f0.jpg
52354414410083192,https://i.pinimg.com/236x/c6/5b/0e/c65b0e2f8b5067bfb8ff8fcfc6feb910.jpg
525865693994949161,https://i.pinimg.com/236x/ca/3b/4c/ca3b4c14fce82f518b6ffb48b995084e.jpg
5277724552268618,https://i.pinimg.com/236x/d2/df/cd/d2dfcda398220445436dd0e873125dbc.jpg
5277724554033759,https://i.pinimg.com/236x/f3/b7/c4/f3b7c455d4defa28d6cd4e085d1829e1.jpg
5277724554055140,https://i.pinimg.com/75x75_RS/78/56/d9/7856d963b64505230f8927f42def51ff.jpg
5277724554288846,https://i.pinimg.com/75x75_RS/b5/74/11/b5741159ff588aa8fa61aaa4075af044.jpg
528328600037425186,https://i.pinimg.com/236x/06/e6/c2/06e6c27c9e73afd45125cc68ec8545fb.jpg
533676624602945974,https://i.pinimg.com/236x/f0/6c/6d/f06c6d85929ced449d792bea222d5419.jpg
53480314311658751,https://i.pinimg.com/75x75_RS/e3/85/9c/e3859cc30296660bfabc541a96aa120c.jpg
53761789292063752,https://i.pinimg.com/236x/31/1b/bd/311bbd6edc4883ba724883b07d9dbe2f.jpg
540361655291014511,https://i.pinimg.com/75x75_RS/6d/75/f2/6d75f249cd5ac3e2598c19213ff67ffb.jpg
540361655297270424,https://i.pinimg.com/75x75_RS/6d/75/f2/6d75f249cd5ac3e2598c19213ff67ffb.jpg
540361655297779433,https://i.pinimg.com/75x75_RS/6d/75/f2/6d75f249cd5ac3e2598c19213ff67ffb.jpg
5418462042403982,https://i.pinimg.com/236x/4b/12/9a/4b129adfa8d807faa384b4b61acf29c6.jpg
542613455107873136,https://i.pinimg.com/75x75_RS/0b/a1/d8/0ba1d84d76fe34411fad273b7d544a98.jpg
542613455110189572,https://i.pinimg.com/75x75_RS/0b/a1/d8/0ba1d84d76fe34411fad273b7d544a98.jpg
542613455111390742,https://i.pinimg.com/236x/33/2f/a5/332fa54fca29ddb7b3e6fe9c82a804e8.jpg
543950461248103705,https://i.pinimg.com/236x/e3/6f/10/e36f10935ecfb7124812449ed81a18b0.jpg
5488830785827083,https://i.pinimg.com/236x/e6/8e/4c/e68e4c94305ccbd94664ccf1324a4ac9.jpg
5488830786335428,https://i.pinimg.com/236x/a2/ac/76/a2ac768813ed2f61fcea6cb7e9a147dc.jpg
549228117066725588,https://i.pinimg.com/236x/39/80/69/398069796626fee5882482f854e506e0.jpg
54958057944634026,https://i.pinimg.com/236x/7c/88/9e/7c889ebf4c571b07fb48efc1a0dcf8f2.jpg
55450639149143032,https://i.pinimg.com/236x/53/aa/7c/53aa7c1ab8ffd915c2c399a8833ad047.jpg
5559199530391062,https://i.pinimg.com/236x/e9/e7/cd/e9e7cdf3f7073eb6aaf5c716e7513c33.jpg
5559199530490642,https://i.pinimg.com/236x/39/0f/bb/390fbb681230b441d3df4d33ec1d925b.jpg
563018688398186,https://i.pinimg.com/236x/f9/76/df/f976dfa4a0c801ea62a5d87988f1d26e.jpg
563018690554582,https://i.pinimg.com/236x/d3/82/4d/d3824d77849dabc276e5c97c44237bf5.jpg
563018691734711,https://i.pinimg.com/236x/37/86/80/37868081ba9b0cc6431cf47496a9818e.jpg
563018693279962,https://i.pinimg.com/236x/ea/99/77/ea99773f74302cf77687dad67a77bd01.jpg
563018693288846,https://i.pinimg.com/236x/c4/c0/78/c4c07837ae6f911c34c77a1c0e8f5966.jpg
563018693293648,https://i.pinimg.com/75x75_RS/24/0a/53/240a53d2a1f58350763eb6d9396690df.jpg
563018693426739,https://i.pinimg.com/236x/e8/4c/77/e84c776060b31bd6ed41a589cf3001ad.jpg
563018693544725,https://i.pinimg.com/75x75_RS/10/01/fc/1001fc8a1991e5163c8800b14793a2bc.jpg
563018693658416,https://i.pinimg.com/75x75_RS/01/94/f5/0194f5e2a72f88b4591672cc9a122133.jpg
563018693692835,https://i.pinimg.com/75x75_RS/50/9f/aa/509faafbad147dd5efbed56d3139610d.jpg
563018693793627,https://i.pinimg.com/75x75_RS/3b/6a/92/3b6a9228b6c8f2b345c3ee2f2aeb3f79.jpg
563018693805537,https://i.pinimg.com/236x/d1/13/d2/d113d291d35fa48069009284b8b44756.jpg
563018693815656,https://i.pinimg.com/75x75_RS/c8/00/35/c800357be0b985b87ce05b0ca6c9e829.jpg
563018693819190,https://i.pinimg.com/75x75_RS/b5/74/11/b5741159ff588aa8fa61aaa4075af044.jpg
563018693884641,https://i.pinimg.com/75x75_RS/db/2d/17/db2d17bba2fe38daf9c98c7151389e31.jpg
563018693964233,https://i.pinimg.com/75x75_RS/01/94/f5/0194f5e2a72f88b4591672cc9a122133.jpg
563018694037369,https://i.pinimg.com/75x75_RS/05/68/75/056875c616cf3a5ae6843774edbd92a2.jpg
563018694065988,https://i.pinimg.com/236x/51/84/5f/51845f28f66dc6076fc3dcbf849ffb42.jpg
563018694076533,https://i.pinimg.com/236x/1f/ae/58/1fae58875c779f8bc1a26d4845b25acf.jpg
563583340874097403,https://i.pinimg.com/236x/93/84/cf/9384cf3464630eaa9e1b866e60e616db.jpg
56717276543221392,https://i.pinimg.com/236x/74/76/34/747634549b8c903e911af2a312f8476a.jpg
56787645290158706,https://i.pinimg.com/236x/ed/89/9d/ed899d8f1d92adce832ccb7502316e74.jpg
56787645293271472,https://i.pinimg.com/75x75_RS/5a/fc/7d/5afc7dd5308fcec9ba6f4b1c4706f957.jpg
5699937017523745,https://i.pinimg.com/236x/3e/d6/d2/3ed6d297f768a84361ad296cecd1633a.jpg
5699937018991506,https://i.pinimg.com/236x/c3/4f/61/c34f61a2ede8171409dfdbd7135ae55a.jpg
5699937018993750,https://i.pinimg.com/236x/df/e3/ed/dfe3edfbd725a0fced5e4750efe4495d.jpg
57772807707435688,https://i.pinimg.com/75x75_RS/4b/ab/15/4bab1557f0e41ebaf5f5efd249dcf5b9.jpg
57843176453840620,https://i.pinimg.com/236x/ce/bc/6c/cebc6c55496a4e8e46e41ba599591d0d.jpg
586453182733437997,https://i.pinimg.com/75x75_RS/1b/80/78/1b807876bc5d31e533f48c3c5c4aa67d.jpg
586523551463421540,https://i.pinimg.com/75x75_RS/c8/00/35/c800357be0b985b87ce05b0ca6c9e829.jpg
5911043249997652,https://i.pinimg.com/236x/d6/de/23/d6de23370c5250d6b968355e6b5bdbe2.jpg
595038169523204251,https://i.pinimg.com/236x/ec/31/26/ec312650a196304bffb9ec0a57d91c44.jpg
597219600580079215,https://i.pinimg.com/236x/94/f7/ed/94f7ed54085f815a304aaa3d69094e61.jpg
6051780737947348,https://i.pinimg.com/236x/d3/49/8e/d3498e2173c9bdbfe4d165955f8c65c3.jpg
609815605795199955,https://i.pinimg.com/236x/22/20/ab/2220ab8fa5d22620fc160d2ffdcefc4a.jpg
613334042994270884,https://i.pinimg.com/236x/98/64/a9/9864a9a061d40afb1d0cc7a58bef7ac2.jpg
615374736575888625,https://i.pinimg.com/75x75_RS/02/3b/20/023b203c24bef8b6a97070524f4eac5e.jpg
6192518224807647,https://i.pinimg.com/75x75_RS/28/fb/57/28fb570f8b4e697a9169ae6671e4857b.jpg
6192518227989705,https://i.pinimg.com/75x75_RS/78/56/d9/7856d963b64505230f8927f42def51ff.jpg
620511654905320418,https://i.pinimg.com/236x/25/42/ee/2542eeb1159097d3d82f8f9dd015a06f.jpg
62487513558472934,https://i.pinimg.com/236x/b4/f1/9e/b4f19ed0e79206569877addd8e48ada1.jpg
628111479272825143,https://i.pinimg.com/75x75_RS/12/8d/4e/128d4eb7d247cfdedbb8d6c17e0c8528.jpg
62839357288155693,https://i.pinimg.com/236x/e3/c4/3f/e3c43f3322b4e3e6881e2320d6fc2e6f.jpg
630292910337781631,https://i.pinimg.com/75x75_RS/fd/51/83/fd51831ad0fb71f13840d0d94523d27b.jpg
633387435426064,https://i.pinimg.com/236x/56/54/c3/5654c3d0c4b82bfae0789db8845a9de3.jpg
633387435846183,https://i.pinimg.com/75x75_RS/fd/51/83/fd51831ad0fb71f13840d0d94523d27b.jpg
633387435859081,https://i.pinimg.com/236x/08/8d/a4/088da4aa4b9ac0f484cd88040f42b724.jpg
633387435961216,https://i.pinimg.com/236x/58/1d/77/581d770eed670146fddd5d2910ddc4f6.jpg
633387436599622,https://i.pinimg.com/236x/7a/40/8f/7a408f8ead24ae02c601febfae8457a6.jpg
633387436990465,https://i.pinimg.com/236x/de/cd/13/decd130b11680bf86b57e4425471f98d.jpg
633387437473942,https://i.pinimg.com/236x/61/49/22/614922f428792da49132fcf90091407d.jpg
633387437898847,https://i.pinimg.com/236x/70/c6/10/70c61082010373a99e680292b0860167.jpg
633387437998301,https://i.pinimg.com/75x75_RS/3c/e7/51/3ce7516447b080e558c97f081e96bd78.jpg
633387438119236,https://i.pinimg.com/236x/fd/d3/a2/fdd3a205cdab2b13bbc7540002804e95.jpg
633387438345462,https://i.pinimg.com/236x/60/9f/66/609f664bebdb1160848ae96a6a048f70.jpg
633387438350279,https://i.pinimg.com/236x/ef/82/60/ef82605a5de568259e0cacc0a5beae8b.jpg
643100021795346062,https://i.pinimg.com/75x75_RS/29/5a/33/295a3380504590ae90f67c69bcc892f3.jpg
64668944638488310,https://i.pinimg.com/236x/33/31/6e/33316e4cce5076e298f52fbfb2121625.jpg
64668944640467663,https://i.pinimg.com/236x/e9/8c/0e/e98c0ed4b9966b1087d25d445f4eea9d.jpg
65372632081411580,https://i.pinimg.com/75x75_RS/f3/5b/ab/f35bab54d2d70161618e67e2fd890fe6.jpg
657455245596830749,https://i.pinimg.com/236x/43/73/67/4373675ef7a94db512b50438ff411e5e.jpg
66357794497789057,https://i.pinimg.com/75x75_RS/a2/4b/57/a24b574ea8f5577216a7a83544f0d635.jpg
6685099436861760,https://i.pinimg.com/236x/3a/58/41/3a5841f20b949f7e2d0bcba8d4a5ce65.jpg
669769775827397577,https://i.pinimg.com/75x75_RS/fc/29/a9/fc29a9d5281b1f1b7646cb6010dddf30.jpg
6755468181194436,https://i.pinimg.com/75x75_RS/f3/5b/ab/f35bab54d2d70161618e67e2fd890fe6.jpg
68398488081122206,https://i.pinimg.com/75x75_RS/fc/77/b4/fc77b40bb9d50c79306a9812d0199c7f.jpg
68468856825141400,https://i.pinimg.com/75x75_RS/01/94/f5/0194f5e2a72f88b4591672cc9a122133.jpg
68741334434,https://i.pinimg.com/75x75_RS/44/4b/a4/444ba410afbce55c6563c5de14b94d87.jpg
68741612290,https://i.pinimg.com/75x75_RS/f3/5b/ab/f35bab54d2d70161618e67e2fd890fe6.jpg
68741660749,https://i.pinimg.com/75x75_RS/62/0a/ce/620acef385001da942bee4d04e3901ae.jpg
68741730006,https://i.pinimg.com/236x/f1/9f/4d/f19f4d15b32b9c1ae18fe7f4ed1ad23a.jpg
68741753446,https://i.pinimg.com/75x75_RS/c0/85/4e/c0854e54671a5de449c311b6d07c95ac.jpg
68742397804,https://i.pinimg.com/236x/6e/16/15/6e1615cf7a0a6e0ec0572a79a340da2f.jpg
68742458882,https://i.pinimg.com/236x/59/28/9f/59289f2746e357917d52b274ac6fa0be.jpg
68742539908,https://i.pinimg.com/75x75_RS/f3/5b/ab/f35bab54d2d70161618e67e2fd890fe6.jpg
68742557208,https://i.pinimg.com/236x/f2/b5/0c/f2b50c753f81740d819af48a77ee6294.jpg
68742570604,https://i.pinimg.com/236x/a0/46/52/a04652e16ed87c749e680c307716cfd4.jpg
68742609007,https://i.pinimg.com/236x/40/d5/f8/40d5f807a88fd44ebc4d9f41324daa19.jpg
68742660993,https://i.pinimg.com/236x/ab/ce/fe/abcefeade8c537dc00f37c7cc5b90e94.jpg
68742663485,https://i.pinimg.com/236x/fa/dd/03/fadd03489563820df27e919b8aa3bf50.jpg
68742795796,https://i.pinimg.com/236x/28/b2/f6/28b2f6819d39b4f66458e5a82f151e08.jpg
68742985813,https://i.pinimg.com/236x/06/7d/a1/067da1cdc57106d3df3984222795ac1f.jpg
68743022893,https://i.pinimg.com/75x75_RS/0a/39/c3/0a39c34d3d22974ae2b2853a28adf25a.jpg
68743067402,https://i.pinimg.com/236x/4a/53/46/4a5346e765e1d7b048de13ab520302a5.jpg
68743112244,https://i.pinimg.com/236x/ae/fc/61/aefc615f29a287e7c69f8cf2f272aae4.jpg
68743124872,https://i.pinimg.com/236x/58/3d/93/583d930f802f89dc95347d7d97e5f5f5.jpg
68743187056,https://i.pinimg.com/236x/50/2b/7c/502b7cd1f57358f86899a1f1e5651372.jpg
68743198453,https://i.pinimg.com/236x/bf/6f/f0/bf6ff0977228b8094a89795500e7b933.jpg
68743254715,https://i.pinimg.com/236x/8e/50/18/8e5018e75ed0eefef7c365b65da380d2.jpg
68743271732,https://i.pinimg.com/236x/2e/e0/6a/2ee06a20aa63e6a89f48cdd45791021e.jpg
68743275605,https://i.pinimg.com/236x/95/ca/40/95ca4063ef7d7a0a4be96c7545e4377b.jpg
68743284891,https://i.pinimg.com/75x75_RS/f8/4c/30/f84c305cf753f3faa1016e071f20b839.jpg
68743334507,https://i.pinimg.com/236x/8b/6e/e1/8b6ee1e9e3823fd74369fb323c384227.jpg
68743402924,https://i.pinimg.com/236x/b7/a6/61/b7a66155cb8bfd759083a2f9df071f31.jpg
68743416526,https://i.pinimg.com/236x/2e/08/cd/2e08cd74d69f8b2f4a228f843c3e0728.jpg
68743520114,https://i.pinimg.com/75x75_RS/6d/1b/7b/6d1b7b926fbaaa84079b479b57544773.jpg
68743536185,https://i.pinimg.com/236x/cd/2e/d3/cd2ed3a1a2c84c1b49e8f3acb47724f5.jpg
68743539432,https://i.pinimg.com/236x/7d/61/0a/7d610abd777e294c1dc4abdc7e9a006f.jpg
68743544029,https://i.pinimg.com/236x/92/fe/76/92fe767468b484d0a6c6cf148013c193.jpg
68743545648,https://i.pinimg.com/236x/58/b9/8a/58b98ac9d33218111c219f09a8ccf64f.jpg
68743552773,https://i.pinimg.com/236x/87/1d/cb/871dcb4dda88f8ad90df135e6509926e.jpg
68743558926,https://i.pinimg.com/236x/c5/b1/0e/c5b10e79173b508a2b611a035108ae35.jpg
6896205665814330,https://i.pinimg.com/75x75_RS/fd/51/83/fd51831ad0fb71f13840d0d94523d27b.jpg
6896205667425871,https://i.pinimg.com/236x/02/c5/5b/02c55bad4bfebde53fe75e7bc38dacfb.jpg
6896205667869153,https://i.pinimg.com/236x/f9/7d/bd/f97dbd8c68239a7bce5b956cac74533f.jpg
6896205667989755,https://i.pinimg.com/236x/83/3c/b8/833cb85a301cc2c017db8c2bd016399a.jpg
69102175520641302,https://i.pinimg.com/236x/42/b5/1c/42b51cec96f99e9abea052d6e831bef5.jpg
69313281756111546,https://i.pinimg.com/236x/bd/49/82/bd498261424b0ee3e33e2798a540d3d5.jpg
695243261222217731,https://i.pinimg.com/75x75_RS/25/41/91/25419198e2698aedd98dc1049c801c80.jpg
69524387991175350,https://i.pinimg.com/236x/5d/c5/ec/5dc5ec46269674b0df9f387512652150.jpg
697987642230065387,https://i.pinimg.com/75x75_RS/14/a0/8b/14a08bce5bfda88161a18b43c213a767.jpg
699183910890455474,https://i.pinimg.com/75x75_RS/c6/d0/94/c6d09487cf13d14fd8f0f2bf4065e4c9.jpg
699183910890683283,https://i.pinimg.com/75x75_RS/fe/70/98/fe709801634c16aaf1da7baeace36c0f.jpg
703756180976380,https://i.pinimg.com/236x/68/c7/e4/68c7e48cbefef44a6766bbf0c1025697.jpg
703756181244520,https://i.pinimg.com/236x/94/d2/e5/94d2e51e462e5b8869b6140524d058e7.jpg
703756181433831,https://i.pinimg.com/236x/0c/d3/4c/0cd34cf1252b919439601740536cec8d.jpg
703756182277516,https://i.pinimg.com/75x75_RS/cb/b9/d6/cbb9d67fbc85df4cc26ef4ca289cef87.jpg
703756182355294,https://i.pinimg.com/75x75_RS/f3/5b/ab/f35bab54d2d70161618e67e2fd890fe6.jpg
703756182876310,https://i.pinimg.com/75x75_RS/f3/5b/ab/f35bab54d2d70161618e67e2fd890fe6.jpg
703756182957234,https://i.pinimg.com/236x/83/de/de/83dede3b0531b501d4264a7d7eef27cc.jpg
703756183367886,https://i.pinimg.com/75x75_RS/05/68/75/056875c616cf3a5ae6843774edbd92a2.jpg
70437481241872,https://i.pinimg.com/236x/4b/1e/d1/4b1ed17e395158a1c27415bc3de6cfd0.jpg
70437482456082,https://i.pinimg.com/75x75_RS/0b/85/03/0b8503fa3581807cf87a7bedc1501cf1.jpg
70437482886434,https://i.pinimg.com/236x/0c/4c/c0/0c4cc01a511b31a2d4841f45dc261766.jpg
70437482970199,https://i.pinimg.com/236x/6d/e7/c2/6de7c2db94866cff70a572e64730bede.jpg
70437483216766,https://i.pinimg.com/236x/09/27/06/092706d52a22c996955e474fd6ecc50f.jpg
70437483278967,https://i.pinimg.com/236x/09/63/b4/0963b442f10d363962e6c4e584c7f7a4.jpg
70437483395247,https://i.pinimg.com/236x/58/eb/5f/58eb5f90878ad31c43625833b137d160.jpg
70437483985095,https://i.pinimg.com/236x/f9/e2/93/f9e29325be32a43622910238178d8f02.jpg
70437484137112,https://i.pinimg.com/236x/20/d9/5a/20d95a1d831fb86ffea5ead480dffc7f.jpg
70437484242600,https://i.pinimg.com/236x/b8/3f/a9/b83fa966e5247e70290503d8d22ddaa8.jpg
70437484342034,https://i.pinimg.com/236x/b7/6b/8c/b76b8c60e5e22a5e18125217427b07df.jpg
70437484363126,https://i.pinimg.com/236x/3b/98/2e/3b982e0f1ce50c68b41328972c2d2756.jpg
70437484460899,https://i.pinimg.com/236x/cd/f4/8a/cdf48a4906cf8c766ff6b7c4bb1c5b27.jpg
70437484624176,https://i.pinimg.com/236x/60/28/59/602859eab45ce3d534b86614f646f31c.jpg
70437484650926,https://i.pinimg.com/236x/e0/a7/02/e0a702b7581e0313f70d436750a6bebd.jpg
70437484706815,https://i.pinimg.com/236x/71/ca/a6/71caa605aee299d2092410795c90b80d.jpg
70437484720701,https://i.pinimg.com/236x/d1/32/d4/d132d4238a20892887fd40ff2bdfb04b.jpg
70437484969938,https://i.pinimg.com/75x75_RS/3c/e7/51/3ce7516447b080e558c97f081e96bd78.jpg
70437485087924,https://i.pinimg.com/75x75_RS/3c/e7/51/3ce7516447b080e558c97f081e96bd78.jpg
70437485089849,https://i.pinimg.com/75x75_RS/d4/1a/d5/d41ad5f7ec1bcb1c33e32fbdaa399408.jpg
70437485098232,https://i.pinimg.com/236x/78/5b/8a/785b8ab747282e9c2448207b158adb29.jpg
70437485121220,https://i.pinimg.com/75x75_RS/d1/52/8b/d1528bac7b1c748fbdbff3de17acefec.jpg
70437485215278,https://i.pinimg.com/75x75_RS/d1/52/8b/d1528bac7b1c748fbdbff3de17acefec.jpg
70437485235384,https://i.pinimg.com/75x75_RS/d1/52/8b/d1528bac7b1c748fbdbff3de17acefec.jpg
70437485282121,https://i.pinimg.com/236x/9b/69/aa/9b69aaa9995e9208a08118beadc7df0c.jpg
70437485312167,https://i.pinimg.com/236x/ca/c5/00/cac500e15dfac3b0ce2ae24807ae05c0.jpg
70437485328053,https://i.pinimg.com/236x/40/28/d7/4028d7da83d3c1db1649c5b13cbe6b4f.jpg
70437485347457,https://i.pinimg.com/75x75_RS/8e/12/d4/8e12d4aaaa9e206bd540934bb8f7f821.jpg
70437485348567,https://i.pinimg.com/75x75_RS/59/7d/46/597d46addef4ef0483b056a5ee91f5c1.jpg
70650287894227947,https://i.pinimg.com/236x/92/f7/95/92f795cefd2fdf7d04f376c5556f06b7.jpg
71072500358445126,https://i.pinimg.com/236x/eb/d6/1e/ebd61eb8c3bd6f15567158ec4ae3edaf.jpg
711428072368479221,https://i.pinimg.com/236x/01/02/93/010293cacedb1ea1ba568d794139e478.jpg
712624341035026116,https://i.pinimg.com/236x/bc/1b/1d/bc1b1dd6dfa45e753405523218fc690d.jpg
712905816011824803,https://i.pinimg.com/75x75_RS/1d/07/79/1d07794a1811b1f75925b23f0513da8a.jpg
7248049388337343,https://i.pinimg.com/236x/cf/63/25/cf63253355fb9e9272e0d2e7a6fc67ce.jpg
72761350219992924,https://i.pinimg.com/236x/03/7d/2c/037d2c4f4a099ff8b0ee9a076755726c.jpg
73253931429260986,https://i.pinimg.com/236x/00/d3/88/00d3886e66fb20a0d2d92bda1e774ec1.jpg
7388786879385684,https://i.pinimg.com/236x/76/3f/ed/763fed9f9de90699aa5ad8033a97b5e5.jpg
7388786880103669,https://i.pinimg.com/236x/59/8e/84/598e843bac0e7bd799513ab41cb4cc27.jpg
744290275913784234,https://i.pinimg.com/236x/7e/1c/b2/7e1cb2dbe48509711ce8165f349c8069.jpg
745205069566471959,https://i.pinimg.com/75x75_RS/d5/5e/40/d55e40a1038f62b987479b597a279725.jpg
7529524367397272,https://i.pinimg.com/236x/e0/03/89/e003892b4b980a08a7271e92ee4f04e4.jpg
76139049940465618,https://i.pinimg.com/236x/16/d0/72/16d072d6758672046060727851df9475.jpg
762937993121727679,https://i.pinimg.com/236x/2f/a4/a0/2fa4a06747642fdfd95f5006e4ede443.jpg
762937993122464382,https://i.pinimg.com/236x/12/9c/c9/129cc96ad665d21b7604d6c97fd963bb.jpg
7670261856858920,https://i.pinimg.com/236x/39/a2/fd/39a2fd078f9798941d965c1c3de1a64f.jpg
768145280182155760,https://i.pinimg.com/75x75_RS/a9/ad/83/a9ad83aebc21822e02ca6857512e520e.jpg
768145280193110257,https://i.pinimg.com/75x75_RS/28/fb/57/28fb570f8b4e697a9169ae6671e4857b.jpg
768145280194828087,https://i.pinimg.com/75x75_RS/05/68/75/056875c616cf3a5ae6843774edbd92a2.jpg
768145280197890960,https://i.pinimg.com/236x/55/55/d6/5555d6235a7be15b2dc8389483f20711.jpg
77335318589262866,https://i.pinimg.com/236x/8c/33/1a/8c331a29481578c56d50b15b02fd73ca.jpg
7740630599060079,https://i.pinimg.com/236x/85/5d/bf/855dbf00dd17f73660a4efdd8ce82dc0.jpg
774124923193655,https://i.pinimg.com/236x/37/e8/a9/37e8a9af781d6f95b8fb2578681740e6.jpg
774124924089894,https://i.pinimg.com/236x/d4/e2/a9/d4e2a96a107a0a7b5f9228e9b70c260c.jpg
774124924655102,https://i.pinimg.com/75x75_RS/bc/ec/be/bcecbeddb29b552bfbb165f61a703531.jpg
774124924867116,https://i.pinimg.com/236x/5c/bf/48/5cbf48dabcc2596d61737ae18b6f3168.jpg
774124925139007,https://i.pinimg.com/236x/df/85/40/df85405ce2335c22fb88391beb18a4ed.jpg
774124925152887,https://i.pinimg.com/75x75_RS/67/38/8f/67388fe01efed9dfc6762327e57ab51c.jpg
774124925226513,https://i.pinimg.com/236x/b4/06/20/b40620d98f1a22d7eef39f02d8967bf1.jpg
774124926089884,https://i.pinimg.com/236x/95/29/a2/9529a24c7ca3529809af14ef6264a909.jpg
774124926176168,https://i.pinimg.com/236x/5c/e3/00/5ce3000db5802d78f282c235f55abde6.jpg
774124926181585,https://i.pinimg.com/75x75_RS/46/f1/ea/46f1eaf05623cd4a2afe6a1258dc1655.jpg
774124926193689,https://i.pinimg.com/236x/09/f9/e4/09f9e4e521210efbce16fc6e729d8a81.jpg
774124926551437,https://i.pinimg.com/236x/24/e3/c1/24e3c1c249df30e50224b608dbb0e90c.jpg
774124926566965,https://i.pinimg.com/75x75_RS/e1/1e/c6/e11ec69d448175f402abd7157bf61e1e.jpg
774124926581859,https://i.pinimg.com/236x/2d/df/90/2ddf90778aafd4e82d0bed5691dc08ea.jpg
774124926602232,https://i.pinimg.com/236x/21/fc/2e/21fc2e860384647b8ea7fbb456afe869.jpg
774124926681571,https://i.pinimg.com/236x/08/f7/97/08f797decbe6f8f801e4c44763b5a230.jpg
774124926712305,https://i.pinimg.com/236x/4d/04/bd/4d04bdacc25f3b93c1a57a870d900bae.jpg
78039006031926353,https://i.pinimg.com/236x/d8/57/53/d85753b980559fab2fd70a59ec421d51.jpg
78039006034072366,https://i.pinimg.com/236x/c1/89/8b/c1898b6dab088fa7270102a6eb206feb.jpg
780882022879051733,https://i.pinimg.com/236x/0c/0e/e2/0c0ee23504ae208e4c50d2abefebff70.jpg
7810999344154339,https://i.pinimg.com/236x/53/84/b5/5384b58aaecdfe2d7e76afd3a72e946d.jpg
781444972824588068,https://i.pinimg.com/236x/9e/db/f8/9edbf894094a35e950d8c7c78d107c6e.jpg
7881368089483924,https://i.pinimg.com/236x/5b/d4/21/5bd421122e1cbeec1b1900fe713d50c1.jpg
79516749659325733,https://i.pinimg.com/236x/ec/c9/75/ecc97541959a20fce9b24aa33f492841.jpg
79587118404802009,https://i.pinimg.com/75x75_RS/4b/ab/15/4bab1557f0e41ebaf5f5efd249dcf5b9.jpg
8022105576485889,https://i.pinimg.com/75x75_RS/24/c7/73/24c773dda5d75e28e70fe594c5c8ec8e.jpg
8022105576756820,https://i.pinimg.com/236x/c1/0a/7c/c10a7ce289b46ac1a3d3a7d63e4328e3.jpg
806425877012531598,https://i.pinimg.com/236x/c9/42/7e/c9427ee16334296ff84c5b2f0c4c50d0.jpg
809240626793722083,https://i.pinimg.com/75x75_RS/f3/5b/ab/f35bab54d2d70161618e67e2fd890fe6.jpg
8092474321034808,https://i.pinimg.com/75x75_RS/8e/b2/64/8eb264336ddaefa9eabfdf389b64283f.jpg
810436895427745592,https://i.pinimg.com/75x75_RS/1f/4d/ae/1f4dae2345c57d423b225c6e7e1d2245.jpg
810436895438748709,https://i.pinimg.com/75x75_RS/fd/51/83/fd51831ad0fb71f13840d0d94523d27b.jpg
810436895442138829,https://i.pinimg.com/236x/e0/46/88/e04688880e89b7ecf9c4fbac4cfaae56.jpg
810436895443341557,https://i.pinimg.com/236x/01/d2/b8/01d2b806eb1ea9605fa2c2b7f1098892.jpg
81135230776840880,https://i.pinimg.com/236x/b7/c9/0f/b7c90f1e2cb783858dfde51358d06dd0.jpg
8162843064893450,https://i.pinimg.com/236x/76/08/e4/7608e4c6e9529f90c8ff0cfb5b2b392c.jpg
824229169284974388,https://i.pinimg.com/75x75_RS/af/5b/24/af5b24bd315612845d351adad193b0d5.jpg
82472236915061821,https://i.pinimg.com/236x/4f/cb/37/4fcb373136805639fa39475695d0db4e.jpg
8303580554031086,https://i.pinimg.com/236x/91/db/a0/91dba0e5ff80b57ba7a16238b7e61e87.jpg
83316661844518556,https://i.pinimg.com/75x75_RS/6d/49/d2/6d49d2b4f9d63a17054f61687cf429e3.jpg
83738874308757573,https://i.pinimg.com/236x/ca/74/a9/ca74a9026e681146705de867afc247cd.jpg
8373949297378410,https://i.pinimg.com/75x75_RS/78/56/d9/7856d963b64505230f8927f42def51ff.jpg
844493668341574,https://i.pinimg.com/236x/72/0c/25/720c25e7450134815a20506a22e28f2e.jpg
844493668387090,https://i.pinimg.com/236x/0a/99/bc/0a99bcbd7ce590f7535ab2506bbf46c7.jpg
844493668560656,https://i.pinimg.com/236x/9c/09/1c/9c091c3e2035e90805f46293ee99fcfb.jpg
844493668663595,https://i.pinimg.com/236x/ec/aa/38/ecaa380fd5eaa33bbe02d935621b9bcb.jpg
844493668827162,https://i.pinimg.com/75x75_RS/c6/d0/94/c6d09487cf13d14fd8f0f2bf4065e4c9.jpg
844493668867331,https://i.pinimg.com/75x75_RS/f3/5b/ab/f35bab54d2d70161618e67e2fd890fe6.jpg
844493668970779,https://i.pinimg.com/236x/93/3c/fa/933cfab18bd81caedab7db6bd1cdcb1b.jpg
844493669364693,https://i.pinimg.com/236x/22/02/fd/2202fdbc2ea86c5224d4c385a5c7f242.jpg
844493669747062,https://i.pinimg.com/236x/06/ba/5c/06ba5c93d4da76e945e105b7d1d36790.jpg
844493669786154,https://i.pinimg.com/236x/02/7b/68/027b6810d2dca05051e663732278cc12.jpg
844493669900628,https://i.pinimg.com/236x/bb/d9/53/bbd953516258c418c5b3f15d3a589576.jpg
844493670071487,https://i.pinimg.com/236x/ab/76/38/ab76383389dfa719ebe026f19b7c2a18.jpg
844493670083607,https://i.pinimg.com/75x75_RS/50/9f/aa/509faafbad147dd5efbed56d3139610d.jpg
844493670090376,https://i.pinimg.com/75x75_RS/cf/7f/ee/cf7fee36c399eb2239b5e660476d79fc.jpg
844493670146971,https://i.pinimg.com/75x75_RS/01/94/f5/0194f5e2a72f88b4591672cc9a122133.jpg
848436017297982758,https://i.pinimg.com/75x75_RS/6d/49/d2/6d49d2b4f9d63a17054f61687cf429e3.jpg
851813717016199562,https://i.pinimg.com/236x/6d/bd/74/6dbd7423aaa58321bcb3fd4850ab8fc7.jpg
856950635345053803,https://i.pinimg.com/236x/9f/0d/a4/9f0da4e24a86c51e675f482c23f171e6.jpg
85779567888013959,https://i.pinimg.com/236x/14/22/07/142207e8f763a278bb352de0d78a5404.jpg
85779567890882393,https://i.pinimg.com/236x/ac/1e/04/ac1e04b35fa974fda1ab9fb5723ade71.jpg
8585055529365651,https://i.pinimg.com/236x/81/fb/b5/81fbb56a01fdc8e15c6b42570a7ef13c.jpg
86412886578589946,https://i.pinimg.com/75x75_RS/25/e6/35/25e635af67e21e7aa689172c20f6e310.jpg
8796161753165585,https://i.pinimg.com/236x/93/f1/e9/93f1e92161c3ee0714d50d469b994e21.jpg
8796161763225992,https://i.pinimg.com/236x/41/88/62/418862f5688922063a48f6b94960c25c.jpg
88242473940994302,https://i.pinimg.com/236x/6a/4b/93/6a4b93daeff4463bd594ac73b6407a0b.jpg
9077636739156647,https://i.pinimg.com/236x/f6/5a/39/f65a39a2e2a63344e75c49c02b35b18b.jpg
91268329928136138,https://i.pinimg.com/236x/ce/d2/d3/ced2d314adb0f3bbcc4a419d51a2aeef.jpg
91268329933240022,https://i.pinimg.com/236x/ad/dd/37/addd374997e875f220fbc2959a19b814.jpg
91268329937270690,https://i.pinimg.com/236x/24/19/7a/24197aca143fee04f88afdf54c59000f.jpg
914862413795637,https://i.pinimg.com/236x/d1/80/a7/d180a757522f51810da13752e95a806d.jpg
914862413827383,https://i.pinimg.com/75x75_RS/f3/5b/ab/f35bab54d2d70161618e67e2fd890fe6.jpg
914862414614561,https://i.pinimg.com/236x/5a/0e/bd/5a0ebd942cfebec2df3730e945eb9dc8.jpg
914862414704534,https://i.pinimg.com/75x75_RS/0b/a1/d8/0ba1d84d76fe34411fad273b7d544a98.jpg
914862414898093,https://i.pinimg.com/236x/e1/a2/a0/e1a2a0fff7046a3956b54cf0c49e9bc1.jpg
914862415160547,https://i.pinimg.com/236x/67/23/ec/6723ec17746260a2727fb1ff54a9f4ef.jpg
914862415355261,https://i.pinimg.com/236x/ee/75/81/ee7581754f484fd1af120281006a7d54.jpg
914862415367278,https://i.pinimg.com/236x/1c/bd/60/1cbd605759eef770a7a8d26cce4c8b81.jpg
914862415768370,https://i.pinimg.com/236x/73/47/de/7347de90630fd75d04f6960d5cfbd2f2.jpg
914862415973380,https://i.pinimg.com/236x/4a/7b/25/4a7b2512d2201345ca484f9e5142e1bb.jpg
914862415976456,https://i.pinimg.com/236x/d7/47/15/d747155e92ee90722223409a0a827274.jpg
914862416121371,https://i.pinimg.com/236x/8d/bc/b5/8dbcb586692a65bb0a00d2525ae70707.jpg
914862416246783,https://i.pinimg.com/236x/54/e2/e4/54e2e4fa988489b069319ed919e2bd83.jpg
914862416285859,https://i.pinimg.com/236x/2e/f8/f3/2ef8f31b22c179dd1de4d1daffbd8933.jpg
914862416313085,https://i.pinimg.com/75x75_RS/75/58/08/7558083416c199dd4ef49540362415c4.jpg
914862416439142,https://i.pinimg.com/236x/a6/37/f2/a637f25f2caa087cf7586d7c1fc49b0e.jpg
914862416457279,https://i.pinimg.com/75x75_RS/05/68/75/056875c616cf3a5ae6843774edbd92a2.jpg
914862416509273,https://i.pinimg.com/236x/67/79/3d/67793d1098fb286b437fe85581ba4ec7.jpg
914862416528443,https://i.pinimg.com/236x/88/49/0b/88490b08f41e1ec474e2357c39586035.jpg
9218374223534181,https://i.pinimg.com/75x75_RS/85/f3/1a/85f31a09ed1dfd06aff109ecccec89ff.jpg
92957179798965670,https://i.pinimg.com/236x/64/6b/1d/646b1d717ff456edc24c7a5e826f19a8.jpg
93238654772743178,https://i.pinimg.com/236x/45/15/f9/4515f9c53080d42a4b7d670132327cd5.jpg
93309023519221585,https://i.pinimg.com/236x/77/35/2a/77352ac4252e40c9db92edad8c738452.jpg
9570217947973733,https://i.pinimg.com/236x/ae/fe/3a/aefe3af130171ab8885d37dd70f7943a.jpg
98164466864908372,https://i.pinimg.com/75x75_RS/d1/46/2f/d1462fc12fac2883d26ca5a4be988eb8.jpg
985231157493913,https://i.pinimg.com/236x/7b/79/1a/7b791ae31532faa0f2edaff2d42716a4.jpg
985231157862758,https://i.pinimg.com/236x/f5/d5/57/f5d5573c0467f6f89df4c95b8bdbbf58.jpg
985231158649142,https://i.pinimg.com/75x75_RS/87/23/db/8723db8ef264707b80a10a38f88d6e7b.jpg
985231159365287,https://i.pinimg.com/75x75_RS/87/23/db/8723db8ef264707b80a10a38f88d6e7b.jpg
